FK_Produit,FK_Client,FK_Date,FK_Geographie,FK_Fournisseur,FK_Concurrent,FK_SocialMedia,FK_Document,FK_Commande,FK_Type,Quantite,Prix_unitaire,Montant_HT,Montant_TVA,Montant_TTC,Remise,Prix_concurrent,Likes,Commentaires,Annee,Mois,Trimestre,Lib_Mois
-1,237,20260304,-1,-1,-1,-1,290,-1,1,0,0.0,150.0,0.0,179.5,0.0,0.0,0,0,2026,3,T1,March
-1,3,20260312,-1,-1,-1,-1,308,-1,1,0,0.0,17.167499542236328,0.0,17.36592674255371,0.0,0.0,0,0,2026,3,T1,March
-1,-1,20260204,-1,-1,-1,8,-1,-1,3,0,0.0,0.0,0.0,0.0,0.0,0.0,12,0,2026,2,T1,February
-1,-1,20260204,-1,-1,-1,6,-1,-1,3,0,0.0,0.0,0.0,0.0,0.0,0.0,10,0,2026,2,T1,February
-1,6,20260210,-1,-1,-1,-1,296,-1,1,0,0.0,96.0,0.0,115.23999786376953,0.0,0.0,0,0,2026,2,T1,February
-1,-1,20260221,-1,56,-1,-1,109,-1,2,0,0.0,332.79998779296875,63.86399841308594,400.99200439453125,0.0,0.0,0,0,2026,2,T1,February
-1,203,20260102,2,-1,-1,-1,-1,255,1,2,50.0,8.0,0.0,8.0,0.0,0.0,0,0,2026,1,T1,January
-1,111,20260110,-1,-1,-1,-1,309,-1,1,0,0.0,26.784000396728516,0.0,31.873960494995117,0.0,0.0,0,0,2026,1,T1,January
67,109,20251201,45,-1,-1,-1,-1,211,1,1,25.0,33.0,0.0,33.0,0.0,0.0,0,0,2025,12,T4,December
-1,177,20251201,46,-1,-1,-1,-1,210,1,1,119.0,27.0,0.0,27.0,0.0,0.0,0,0,2025,12,T4,December
103,231,20251203,2,-1,-1,-1,-1,212,1,1,90.0,98.0,0.0,98.0,0.0,0.0,0,0,2025,12,T4,December
54,126,20251204,2,-1,-1,-1,-1,214,1,1,90.0,98.0,0.0,98.0,0.0,0.0,0,0,2025,12,T4,December
-1,235,20251204,18,-1,-1,-1,-1,213,1,1,119.0,27.0,0.0,27.0,0.0,0.0,0,0,2025,12,T4,December
-1,318,20251205,2,-1,-1,-1,-1,215,1,1,119.0,27.0,0.0,27.0,0.0,0.0,0,0,2025,12,T4,December
-1,53,20251205,-1,-1,-1,-1,254,-1,1,0,0.0,300.0,0.0,301.0,0.0,0.0,0,0,2025,12,T4,December
-1,-1,20251208,-1,6,-1,-1,90,-1,2,0,0.0,3995.0,759.0499877929688,4755.0,0.0,0.0,0,0,2025,12,T4,December
-1,-1,20251208,-1,6,-1,-1,91,-1,2,0,0.0,3437.0,653.125,4091.0,0.0,0.0,0,0,2025,12,T4,December
-1,-1,20251209,-1,6,-1,-1,89,-1,2,0,0.0,2996.0,569.2880249023438,3566.0,0.0,0.0,0,0,2025,12,T4,December
54,13,20251209,2,-1,-1,-1,-1,217,1,1,90.0,98.0,0.0,98.0,0.0,0.0,0,0,2025,12,T4,December
54,285,20251209,2,-1,-1,-1,-1,216,1,1,90.0,98.0,0.0,98.0,0.0,0.0,0,0,2025,12,T4,December
95,255,20251210,44,-1,-1,-1,-1,220,1,1,80.0,88.0,0.0,88.0,0.0,0.0,0,0,2025,12,T4,December
103,287,20251210,13,-1,-1,-1,-1,219,1,1,90.0,98.0,0.0,98.0,0.0,0.0,0,0,2025,12,T4,December
103,165,20251210,2,-1,-1,-1,-1,218,1,1,90.0,98.0,0.0,98.0,0.0,0.0,0,0,2025,12,T4,December
-1,253,20251210,-1,-1,-1,-1,221,-1,1,10,0.0,0.0,0.0,0.0,0.0,0.0,0,0,2025,12,T4,December
-1,71,20251211,2,-1,-1,-1,-1,222,1,1,119.0,27.0,0.0,27.0,0.0,0.0,0,0,2025,12,T4,December
-1,9,20251211,43,-1,-1,-1,-1,221,1,2,49.900001525878906,7.800000190734863,0.0,7.800000190734863,0.0,0.0,0,0,2025,12,T4,December
-1,3,20251211,-1,-1,-1,-1,304,-1,1,0,0.0,17.167499542236328,0.0,17.365930557250977,0.0,0.0,0,0,2025,12,T4,December
-1,111,20251211,-1,-1,-1,-1,306,-1,1,0,0.0,200.0,0.0,239.0,0.0,0.0,0,0,2025,12,T4,December
-1,41,20251212,-1,-1,-1,-1,284,-1,1,0,0.0,605.0,0.0,720.9500122070312,0.0,0.0,0,0,2025,12,T4,December
-1,147,20251212,16,-1,-1,-1,-1,223,1,1,119.0,27.0,0.0,27.0,0.0,0.0,0,0,2025,12,T4,December
-1,186,20251212,-1,-1,-1,-1,222,-1,1,5,0.0,0.0,0.0,0.0,0.0,0.0,0,0,2025,12,T4,December
103,243,20251214,2,-1,-1,-1,-1,224,1,1,90.0,98.0,0.0,98.0,0.0,0.0,0,0,2025,12,T4,December
-1,16,20251215,2,-1,-1,-1,-1,225,1,1,90.0,98.0,0.0,98.0,0.0,0.0,0,0,2025,12,T4,December
-1,3,20251215,-1,-1,-1,-1,224,-1,1,450,0.0,0.0,0.0,0.0,0.0,0.0,0,0,2025,12,T4,December
-1,53,20251215,-1,-1,-1,-1,256,-1,1,0,0.0,300.0,0.0,301.0,0.0,0.0,0,0,2025,12,T4,December
-1,53,20251215,-1,-1,-1,-1,257,-1,1,0,0.0,7.474999904632568,0.0,3.7385001182556152,0.0,0.0,0,0,2025,12,T4,December
-1,198,20251216,-1,-1,-1,-1,270,-1,1,0,0.0,1.7200000286102295,0.0,2.047800064086914,0.0,0.0,0,0,2025,12,T4,December
-1,3,20251216,-1,-1,-1,-1,225,-1,1,20,0.0,0.0,0.0,0.0,0.0,0.0,0,0,2025,12,T4,December
-1,-1,20251216,-1,16,-1,-1,170,-1,2,0,0.0,7.0,0.49000000953674316,8.489999771118164,0.0,0.0,0,0,2025,12,T4,December
-1,252,20251217,42,-1,-1,-1,-1,226,1,2,49.900001525878906,7.800000190734863,0.0,7.800000190734863,0.0,0.0,0,0,2025,12,T4,December
54,200,20251218,2,-1,-1,-1,-1,227,1,1,90.0,98.0,0.0,98.0,0.0,0.0,0,0,2025,12,T4,December
103,293,20251219,2,-1,-1,-1,-1,228,1,1,90.0,98.0,0.0,98.0,0.0,0.0,0,0,2025,12,T4,December
103,67,20251222,13,-1,-1,-1,-1,229,1,1,90.0,98.0,0.0,98.0,0.0,0.0,0,0,2025,12,T4,December
-1,278,20251222,-1,-1,-1,-1,265,-1,1,0,0.0,2.4600000381469727,0.0,2.9284000396728516,0.0,0.0,0,0,2025,12,T4,December
103,184,20251224,2,-1,-1,-1,-1,238,1,1,90.0,98.0,0.0,98.0,0.0,0.0,0,0,2025,12,T4,December
103,103,20251224,2,-1,-1,-1,-1,237,1,1,90.0,98.0,0.0,98.0,0.0,0.0,0,0,2025,12,T4,December
103,171,20251224,7,-1,-1,-1,-1,236,1,1,90.0,98.0,0.0,98.0,0.0,0.0,0,0,2025,12,T4,December
103,47,20251224,8,-1,-1,-1,-1,235,1,1,90.0,98.0,0.0,98.0,0.0,0.0,0,0,2025,12,T4,December
-1,251,20251224,2,-1,-1,-1,-1,234,1,4,25.0,8.0,0.0,8.0,0.0,0.0,0,0,2025,12,T4,December
-1,112,20251224,40,-1,-1,-1,-1,233,1,111,2049.919921875,97.9000015258789,0.0,97.9000015258789,0.0,0.0,0,0,2025,12,T4,December
83,220,20251224,28,-1,-1,-1,-1,232,1,1,58.0,66.0,0.0,66.0,0.0,0.0,0,0,2025,12,T4,December
-1,14,20251224,41,-1,-1,-1,-1,231,1,111,202049.90625,97.9000015258789,0.0,97.9000015258789,0.0,0.0,0,0,2025,12,T4,December
-1,125,20251224,15,-1,-1,-1,-1,230,1,1,150.0,50.0,0.0,50.0,0.0,0.0,0,0,2025,12,T4,December
-1,239,20251225,39,-1,-1,-1,-1,239,1,1,90.0,98.0,0.0,98.0,0.0,0.0,0,0,2025,12,T4,December
54,7,20251225,1,-1,-1,-1,-1,240,1,1,90.0,98.0,0.0,98.0,0.0,0.0,0,0,2025,12,T4,December
54,130,20251225,8,-1,-1,-1,-1,242,1,1,90.0,98.0,0.0,98.0,0.0,0.0,0,0,2025,12,T4,December
54,130,20251225,8,-1,-1,-1,-1,241,1,1,90.0,98.0,0.0,98.0,0.0,0.0,0,0,2025,12,T4,December
54,133,20251226,23,-1,-1,-1,-1,245,1,1,90.0,98.0,0.0,98.0,0.0,0.0,0,0,2025,12,T4,December
-1,18,20251226,2,-1,-1,-1,-1,244,1,5,20.0,8.0,0.0,8.0,0.0,0.0,0,0,2025,12,T4,December
24,199,20251226,2,-1,-1,-1,-1,243,1,4,30.0,28.0,0.0,28.0,0.0,0.0,0,0,2025,12,T4,December
36,55,20251227,71,-1,-1,-1,-1,247,1,1,65.0,73.0,0.0,73.0,0.0,0.0,0,0,2025,12,T4,December
93,150,20251227,72,-1,-1,-1,-1,246,1,1,30.0,38.0,0.0,38.0,0.0,0.0,0,0,2025,12,T4,December
83,132,20251228,16,-1,-1,-1,-1,249,1,1,58.0,66.0,0.0,66.0,0.0,0.0,0,0,2025,12,T4,December
-1,201,20251228,70,-1,-1,-1,-1,248,1,1,184.0,84.0,0.0,84.0,0.0,0.0,0,0,2025,12,T4,December
-1,215,20251229,2,-1,-1,-1,-1,253,1,111,655830.0,53.0,0.0,53.0,0.0,0.0,0,0,2025,12,T4,December
54,152,20251229,2,-1,-1,-1,-1,252,1,1,90.0,98.0,0.0,98.0,0.0,0.0,0,0,2025,12,T4,December
54,217,20251229,69,-1,-1,-1,-1,251,1,1,90.0,98.0,0.0,98.0,0.0,0.0,0,0,2025,12,T4,December
-1,118,20251229,2,-1,-1,-1,-1,250,1,2,50.0,108.0,0.0,108.0,0.0,0.0,0,0,2025,12,T4,December
-1,17,20251230,9,-1,-1,-1,-1,254,1,1,90.0,98.0,0.0,98.0,0.0,0.0,0,0,2025,12,T4,December
83,54,20251102,48,-1,-1,-1,-1,204,1,1,58.0,66.0,0.0,66.0,0.0,0.0,0,0,2025,11,T4,November
-1,53,20251103,-1,-1,-1,-1,253,-1,1,0,0.0,7.474999904632568,1.4212499856948853,8.896249771118164,0.0,0.0,0,0,2025,11,T4,November
54,159,20251104,47,-1,-1,-1,-1,205,1,1,90.0,98.0,0.0,98.0,0.0,0.0,0,0,2025,11,T4,November
-1,-1,20251106,-1,12,-1,-1,172,-1,2,0,0.0,325.0,62.36800003051758,618.0,0.0,0.0,0,0,2025,11,T4,November
-1,6,20251109,-1,-1,-1,-1,295,-1,1,0,0.0,128.0,0.0,153.32000732421875,0.0,0.0,0,0,2025,11,T4,November
-1,314,20251110,2,-1,-1,-1,-1,206,1,5,20.0,8.0,0.0,8.0,0.0,0.0,0,0,2025,11,T4,November
-1,-1,20251111,-1,-1,-1,-1,174,-1,2,0,0.0,387.0,26.64900016784668,408.3489990234375,0.0,0.0,0,0,2025,11,T4,November
-1,-1,20251111,-1,-1,-1,-1,175,-1,2,0,0.0,161.0,10.5,161.5,0.0,0.0,0,0,2025,11,T4,November
-1,-1,20251111,-1,16,-1,-1,169,-1,2,0,0.0,13.0,0.9100000262260437,14.90999984741211,0.0,0.0,0,0,2025,11,T4,November
-1,301,20251117,2,-1,-1,-1,-1,207,1,2,50.0,8.0,0.0,8.0,0.0,0.0,0,0,2025,11,T4,November
-1,-1,20251118,-1,-1,-1,-1,176,-1,2,0,0.0,1351.0,256.0,1607.0,0.0,0.0,0,0,2025,11,T4,November
-1,213,20251118,-1,-1,-1,-1,220,-1,1,1500,0.0,0.0,0.0,0.0,0.0,0.0,0,0,2025,11,T4,November
-1,213,20251118,-1,-1,-1,-1,269,-1,1,0,0.0,1.784999966621399,0.0,2.125149965286255,0.0,0.0,0,0,2025,11,T4,November
95,232,20251120,9,-1,-1,-1,-1,208,1,1,80.0,88.0,0.0,88.0,0.0,0.0,0,0,2025,11,T4,November
-1,41,20251121,-1,-1,-1,-1,283,-1,1,0,0.0,352.0,0.0,419.8800048828125,0.0,0.0,0,0,2025,11,T4,November
-1,213,20251124,-1,-1,-1,-1,268,-1,1,0,0.0,2.25,1.0,2.678499937057495,0.0,0.0,0,0,2025,11,T4,November
-1,53,20251126,-1,-1,-1,-1,255,-1,1,0,0.0,7.474999904632568,0.0,3.7385001182556152,0.0,0.0,0,0,2025,11,T4,November
-1,136,20251127,3,-1,-1,-1,-1,209,1,1,90.0,98.0,0.0,98.0,0.0,0.0,0,0,2025,11,T4,November
-1,-1,20251127,-1,-1,-1,-1,-1,-1,2,0,0.0,0.0,0.0,100.0,0.0,0.0,0,0,2025,11,T4,November
-1,-1,20251129,-1,27,-1,-1,171,-1,2,0,0.0,0.0,0.0,1153.0,0.0,0.0,0,0,2025,11,T4,November
-1,-1,20251001,-1,-1,-1,-1,191,-1,2,0,0.0,40.59299850463867,7.7129998207092285,55.06999969482422,0.0,0.0,0,0,2025,10,T4,October
-1,-1,20251002,-1,-1,-1,-1,286,-1,1,0,0.0,3.299999952316284,0.0,3.927999973297119,0.0,0.0,0,0,2025,10,T4,October
64,189,20251003,54,-1,-1,-1,-1,191,1,1,48.0,56.0,0.0,56.0,0.0,0.0,0,0,2025,10,T4,October
54,140,20251007,53,-1,-1,-1,-1,192,1,1,90.0,98.0,0.0,98.0,0.0,0.0,0,0,2025,10,T4,October
-1,-1,20251009,-1,16,-1,-1,166,-1,2,0,0.0,19.5,1.3700000047683716,21.8700008392334,0.0,0.0,0,0,2025,10,T4,October
-1,253,20251012,-1,-1,-1,-1,298,-1,1,0,0.0,470.0,0.0,471.0,0.0,0.0,0,0,2025,10,T4,October
-1,116,20251013,24,-1,-1,-1,-1,193,1,1,120.0,28.0,0.0,28.0,0.0,0.0,0,0,2025,10,T4,October
-1,223,20251014,5,-1,-1,-1,-1,194,1,4,20.0,88.0,0.0,88.0,0.0,0.0,0,0,2025,10,T4,October
-1,41,20251014,-1,-1,-1,-1,282,-1,1,0,0.0,224.0,0.0,267.55999755859375,0.0,0.0,0,0,2025,10,T4,October
-1,-1,20251015,-1,16,-1,-1,167,-1,2,0,0.0,13.0,0.9100000262260437,14.90999984741211,0.0,0.0,0,0,2025,10,T4,October
-1,213,20251016,-1,-1,-1,-1,266,-1,1,0,0.0,8.385000228881836,1.5941499471664429,9.97914981842041,0.0,0.0,0,0,2025,10,T4,October
103,308,20251020,2,-1,-1,-1,-1,196,1,1,90.0,98.0,0.0,98.0,0.0,0.0,0,0,2025,10,T4,October
54,131,20251020,52,-1,-1,-1,-1,195,1,1,90.0,98.0,0.0,98.0,0.0,0.0,0,0,2025,10,T4,October
-1,-1,20251022,51,-1,-1,-1,-1,197,1,1,25.0,33.0,0.0,33.0,0.0,0.0,0,0,2025,10,T4,October
-1,213,20251023,-1,-1,-1,-1,267,-1,1,0,0.0,5.934999942779541,1.1286499500274658,7.063650131225586,0.0,0.0,0,0,2025,10,T4,October
-1,246,20251025,16,-1,-1,-1,-1,198,1,2,50.0,8.0,0.0,8.0,0.0,0.0,0,0,2025,10,T4,October
-1,-1,20251027,-1,-1,-1,-1,-1,-1,2,0,0.0,0.0,0.0,190.0,0.0,0.0,0,0,2025,10,T4,October
-1,129,20251028,2,-1,-1,-1,-1,199,1,1,119.0,27.0,0.0,27.0,0.0,0.0,0,0,2025,10,T4,October
95,162,20251029,49,-1,-1,-1,-1,200,1,1,80.0,88.0,0.0,88.0,0.0,0.0,0,0,2025,10,T4,October
-1,312,20251030,49,-1,-1,-1,-1,202,1,1,90.0,98.0,0.0,98.0,0.0,0.0,0,0,2025,10,T4,October
-1,141,20251030,50,-1,-1,-1,-1,201,1,1,119.0,27.0,0.0,27.0,0.0,0.0,0,0,2025,10,T4,October
103,5,20251031,3,-1,-1,-1,-1,203,1,1,90.0,98.0,0.0,98.0,0.0,0.0,0,0,2025,10,T4,October
-1,-1,20251031,-1,16,-1,-1,168,-1,2,0,0.0,6.5,0.46000000834465027,7.960000038146973,0.0,0.0,0,0,2025,10,T4,October
-1,297,20250901,2,-1,-1,-1,-1,180,1,1,120.0,28.0,0.0,28.0,0.0,0.0,0,0,2025,9,T3,September
-1,309,20250907,58,-1,-1,-1,-1,181,1,2,50.0,108.0,0.0,108.0,0.0,0.0,0,0,2025,9,T3,September
-1,-1,20250908,-1,89,-1,-1,177,-1,2,0,0.0,418.79998779296875,79.56999969482422,499.3699951171875,0.0,0.0,0,0,2025,9,T3,September
-1,227,20250909,42,-1,-1,-1,-1,182,1,1,20.0,1.0,0.0,1.0,0.0,0.0,0,0,2025,9,T3,September
103,294,20250910,2,-1,-1,-1,-1,183,1,1,90.0,98.0,0.0,98.0,0.0,0.0,0,0,2025,9,T3,September
-1,-1,20250910,-1,-1,-1,-1,179,-1,2,0,0.0,250.0,0.0,298.5,0.0,0.0,0,0,2025,9,T3,September
-1,41,20250911,-1,-1,-1,-1,281,-1,1,0,0.0,484.0,0.0,576.9600219726562,0.0,0.0,0,0,2025,9,T3,September
36,216,20250913,33,-1,-1,-1,-1,184,1,1,65.0,73.0,0.0,73.0,0.0,0.0,0,0,2025,9,T3,September
-1,-1,20250917,-1,7,-1,-1,-1,-1,2,0,0.0,0.0,0.0,138.0,0.0,0.0,0,0,2025,9,T3,September
-1,196,20250919,2,-1,-1,-1,-1,185,1,1,119.0,27.0,0.0,27.0,0.0,0.0,0,0,2025,9,T3,September
103,225,20250922,2,-1,-1,-1,-1,186,1,1,90.0,98.0,0.0,98.0,0.0,0.0,0,0,2025,9,T3,September
-1,-1,20250922,-1,77,-1,-1,-1,-1,2,0,0.0,0.0,0.0,438.9599914550781,0.0,0.0,0,0,2025,9,T3,September
-1,-1,20250923,-1,-1,-1,-1,182,-1,2,0,0.0,394.0,27.579999923706055,442.8500061035156,0.0,0.0,0,0,2025,9,T3,September
-1,-1,20250923,-1,-1,-1,-1,183,-1,2,0,0.0,816.0,57.119998931884766,874.1199951171875,0.0,0.0,0,0,2025,9,T3,September
-1,240,20250923,57,-1,-1,-1,-1,187,1,1,119.0,27.0,0.0,27.0,0.0,0.0,0,0,2025,9,T3,September
54,175,20250924,56,-1,-1,-1,-1,188,1,1,90.0,98.0,0.0,98.0,0.0,0.0,0,0,2025,9,T3,September
-1,120,20250925,55,-1,-1,-1,-1,189,1,1,30.0,38.0,0.0,38.0,0.0,0.0,0,0,2025,9,T3,September
103,45,20250930,2,-1,-1,-1,-1,190,1,1,90.0,98.0,0.0,98.0,0.0,0.0,0,0,2025,9,T3,September
-1,-1,20250801,-1,-1,-1,-1,188,-1,2,0,0.0,40.59299850463867,7.7129998207092285,55.04999923706055,0.0,0.0,0,0,2025,8,T3,August
-1,-1,20250801,-1,-1,-1,-1,189,-1,2,0,0.0,40.59299850463867,7.7129998207092285,55.04999923706055,0.0,0.0,0,0,2025,8,T3,August
56,161,20250801,3,-1,-1,-1,-1,150,1,1,100.0,8.0,0.0,8.0,0.0,0.0,0,0,2025,8,T3,August
16,226,20250804,73,-1,-1,-1,-1,152,1,1,90.0,98.0,0.0,98.0,0.0,0.0,0,0,2025,8,T3,August
68,25,20250804,74,-1,-1,-1,-1,151,1,1,84.0,92.0,0.0,92.0,0.0,0.0,0,0,2025,8,T3,August
54,209,20250804,5,-1,-1,-1,-1,153,1,1,90.0,98.0,0.0,98.0,0.0,0.0,0,0,2025,8,T3,August
-1,-1,20250804,-1,77,-1,-1,-1,-1,2,0,0.0,0.0,0.0,266.3599853515625,0.0,0.0,0,0,2025,8,T3,August
-1,111,20250804,-1,-1,-1,-1,266,-1,1,0,0.0,250.0,48.5,298.5,0.0,0.0,0,0,2025,8,T3,August
95,117,20250806,5,-1,-1,-1,-1,154,1,1,92.0,0.0,0.0,0.0,0.0,0.0,0,0,2025,8,T3,August
41,310,20250807,64,-1,-1,-1,-1,155,1,1,49.900001525878906,57.900001525878906,0.0,57.900001525878906,0.0,0.0,0,0,2025,8,T3,August
-1,80,20250809,68,-1,-1,-1,-1,157,1,1,150.0,150.0,0.0,150.0,0.0,0.0,0,0,2025,8,T3,August
112,205,20250809,2,-1,-1,-1,-1,156,1,1,92.0,0.0,0.0,0.0,0.0,0.0,0,0,2025,8,T3,August
24,304,20250810,67,-1,-1,-1,-1,158,1,1,25.0,1.0,0.0,1.0,0.0,0.0,0,0,2025,8,T3,August
-1,297,20250811,2,-1,-1,-1,-1,160,1,1,219.0,119.0,0.0,119.0,0.0,0.0,0,0,2025,8,T3,August
56,50,20250811,66,-1,-1,-1,-1,159,1,1,100.0,8.0,0.0,8.0,0.0,0.0,0,0,2025,8,T3,August
-1,-1,20250811,-1,12,-1,-1,73,-1,2,0,0.0,325.0,62.36800003051758,391.6180114746094,0.0,0.0,0,0,2025,8,T3,August
-1,-1,20250813,-1,110,-1,-1,-1,-1,2,0,0.0,0.0,0.0,780.0,0.0,0.0,0,0,2025,8,T3,August
41,268,20250813,65,-1,-1,-1,-1,161,1,1,49.900001525878906,57.900001525878906,0.0,57.900001525878906,0.0,0.0,0,0,2025,8,T3,August
-1,-1,20250814,-1,71,-1,-1,-1,-1,2,0,0.0,0.0,0.0,46.0,0.0,0.0,0,0,2025,8,T3,August
-1,-1,20250814,-1,-1,-1,-1,-1,-1,2,0,0.0,0.0,0.0,1125.0,0.0,0.0,0,0,2025,8,T3,August
-1,-1,20250815,-1,-1,-1,-1,-1,-1,2,0,0.0,0.0,0.0,60.0,0.0,0.0,0,0,2025,8,T3,August
41,164,20250816,64,-1,-1,-1,-1,162,1,2,49.900001525878906,107.80000305175781,0.0,107.80000305175781,0.0,0.0,0,0,2025,8,T3,August
-1,-1,20250818,-1,77,-1,-1,-1,-1,2,0,0.0,306.0,21.479999542236328,328.4200134277344,0.0,0.0,0,0,2025,8,T3,August
-1,-1,20250818,-1,59,-1,-1,83,-1,2,0,0.0,692.3930053710938,48.46699905395508,741.8599853515625,0.0,0.0,0,0,2025,8,T3,August
-1,41,20250819,-1,-1,-1,-1,280,-1,1,0,0.0,320.0,0.0,381.79998779296875,0.0,0.0,0,0,2025,8,T3,August
-1,309,20250820,58,-1,-1,-1,-1,166,1,2,50.0,108.0,0.0,108.0,0.0,0.0,0,0,2025,8,T3,August
54,40,20250820,62,-1,-1,-1,-1,165,1,1,90.0,98.0,0.0,98.0,0.0,0.0,0,0,2025,8,T3,August
56,315,20250820,63,-1,-1,-1,-1,164,1,1,100.0,108.0,0.0,108.0,0.0,0.0,0,0,2025,8,T3,August
56,311,20250820,55,-1,-1,-1,-1,163,1,1,100.0,108.0,0.0,108.0,0.0,0.0,0,0,2025,8,T3,August
58,176,20250821,61,-1,-1,-1,-1,169,1,1,85.0,93.0,0.0,93.0,0.0,0.0,0,0,2025,8,T3,August
56,24,20250821,50,-1,-1,-1,-1,168,1,1,100.0,8.0,0.0,8.0,0.0,0.0,0,0,2025,8,T3,August
56,1,20250821,31,-1,-1,-1,-1,167,1,1,100.0,8.0,0.0,8.0,0.0,0.0,0,0,2025,8,T3,August
-1,-1,20250821,-1,46,-1,-1,82,-1,2,0,0.0,84.0999984741211,15.979000091552734,101.0790023803711,0.0,0.0,0,0,2025,8,T3,August
16,269,20250822,55,-1,-1,-1,-1,170,1,1,90.0,98.0,0.0,98.0,0.0,0.0,0,0,2025,8,T3,August
56,73,20250825,4,-1,-1,-1,-1,171,1,1,100.0,102.0,0.0,102.0,0.0,0.0,0,0,2025,8,T3,August
-1,197,20250826,2,-1,-1,-1,-1,173,1,1,109.0,17.0,0.0,17.0,0.0,0.0,0,0,2025,8,T3,August
64,99,20250826,60,-1,-1,-1,-1,172,1,2,48.0,104.0,0.0,104.0,0.0,0.0,0,0,2025,8,T3,August
-1,-1,20250826,-1,-1,-1,-1,-1,-1,2,0,0.0,0.0,0.0,565.0,0.0,0.0,0,0,2025,8,T3,August
-1,-1,20250826,-1,16,-1,-1,164,-1,2,0,0.0,27.5,1.9299999475479126,30.420000076293945,0.0,0.0,0,0,2025,8,T3,August
-1,-1,20250828,-1,59,-1,-1,80,-1,2,0,0.0,1568.0,109.76000213623047,1678.760009765625,0.0,0.0,0,0,2025,8,T3,August
-1,257,20250829,2,-1,-1,-1,-1,175,1,1,119.0,27.0,0.0,27.0,0.0,0.0,0,0,2025,8,T3,August
-1,101,20250829,2,-1,-1,-1,-1,174,1,1,119.0,27.0,0.0,27.0,0.0,0.0,0,0,2025,8,T3,August
-1,48,20250830,2,-1,-1,-1,-1,176,1,1,119.0,27.0,0.0,27.0,0.0,0.0,0,0,2025,8,T3,August
68,298,20250831,59,-1,-1,-1,-1,179,1,1,84.0,92.0,0.0,92.0,0.0,0.0,0,0,2025,8,T3,August
-1,291,20250831,23,-1,-1,-1,-1,178,1,2,20.0,48.0,0.0,48.0,0.0,0.0,0,0,2025,8,T3,August
56,79,20250831,42,-1,-1,-1,-1,177,1,1,100.0,8.0,0.0,8.0,0.0,0.0,0,0,2025,8,T3,August
-1,-1,20250831,-1,16,-1,-1,165,-1,2,0,0.0,13.0,0.9100000262260437,14.90999984741211,0.0,0.0,0,0,2025,8,T3,August
-1,113,20250701,5,-1,-1,-1,-1,139,1,1,120.0,28.0,0.0,28.0,0.0,0.0,0,0,2025,7,T3,July
-1,-1,20250701,-1,-1,-1,-1,187,-1,2,0,0.0,40.59299850463867,7.7129998207092285,55.04999923706055,0.0,0.0,0,0,2025,7,T3,July
-1,41,20250701,-1,-1,-1,-1,279,-1,1,0,0.0,384.0,0.0,457.9599914550781,0.0,0.0,0,0,2025,7,T3,July
80,238,20250704,80,-1,-1,-1,-1,140,1,1,90.0,98.0,0.0,98.0,0.0,0.0,0,0,2025,7,T3,July
93,86,20250708,79,-1,-1,-1,-1,142,1,1,30.0,38.0,0.0,38.0,0.0,0.0,0,0,2025,7,T3,July
93,77,20250708,2,-1,-1,-1,-1,141,1,1,30.0,38.0,0.0,38.0,0.0,0.0,0,0,2025,7,T3,July
-1,-1,20250709,-1,16,-1,-1,161,-1,2,0,0.0,13.0,0.9100000262260437,14.90999984741211,0.0,0.0,0,0,2025,7,T3,July
-1,3,20250711,-1,-1,-1,-1,303,-1,1,0,0.0,24.075000762939453,0.0,24.352859497070312,0.0,0.0,0,0,2025,7,T3,July
34,81,20250712,78,-1,-1,-1,-1,143,1,1,86.0,94.0,0.0,94.0,0.0,0.0,0,0,2025,7,T3,July
93,150,20250714,72,-1,-1,-1,-1,145,1,1,30.0,38.0,0.0,38.0,0.0,0.0,0,0,2025,7,T3,July
-1,102,20250714,77,-1,-1,-1,-1,144,1,2,50.0,108.0,0.0,108.0,0.0,0.0,0,0,2025,7,T3,July
68,143,20250715,75,-1,-1,-1,-1,148,1,1,84.0,92.0,0.0,92.0,0.0,0.0,0,0,2025,7,T3,July
110,22,20250715,76,-1,-1,-1,-1,147,1,1,90.0,98.0,0.0,98.0,0.0,0.0,0,0,2025,7,T3,July
36,212,20250715,2,-1,-1,-1,-1,146,1,1,65.0,73.0,0.0,73.0,0.0,0.0,0,0,2025,7,T3,July
-1,-1,20250715,-1,16,-1,-1,162,-1,2,0,0.0,13.0,0.9100000262260437,14.90999984741211,0.0,0.0,0,0,2025,7,T3,July
-1,-1,20250718,-1,51,-1,-1,139,-1,2,0,0.0,24.075000762939453,4.573999881744385,29649.0,0.0,0.0,0,0,2025,7,T3,July
-1,-1,20250718,-1,80,-1,-1,140,-1,2,0,0.0,9.781999588012695,0.6850000023841858,11.467000007629395,0.0,0.0,0,0,2025,7,T3,July
-1,-1,20250718,-1,-1,-1,-1,178,-1,2,0,0.0,250.0,0.0,298.5,0.0,0.0,0,0,2025,7,T3,July
34,146,20250718,3,-1,-1,-1,-1,149,1,1,86.0,94.0,0.0,94.0,0.0,0.0,0,0,2025,7,T3,July
-1,-1,20250720,-1,-1,-1,17,-1,-1,3,0,0.0,0.0,0.0,0.0,0.0,0.0,15,0,2025,7,T3,July
-1,-1,20250727,-1,-1,-1,45,-1,-1,3,0,0.0,0.0,0.0,0.0,0.0,0.0,13,0,2025,7,T3,July
-1,-1,20250728,-1,70,-1,-1,141,-1,2,0,0.0,680.0,69.13600158691406,434.00799560546875,0.0,0.0,0,0,2025,7,T3,July
-1,-1,20250731,-1,16,-1,-1,163,-1,2,0,0.0,13.0,0.9100000262260437,14.90999984741211,0.0,0.0,0,0,2025,7,T3,July
-1,-1,20250601,-1,-1,-1,-1,186,-1,2,0,0.0,40.59299850463867,7.7129998207092285,55.04999923706055,0.0,0.0,0,0,2025,6,T2,June
-1,6,20250601,-1,-1,-1,-1,287,-1,1,0,0.0,160.0,0.0,191.39999389648438,0.0,0.0,0,0,2025,6,T2,June
93,190,20250602,23,-1,-1,-1,-1,125,1,1,30.0,38.0,0.0,38.0,0.0,0.0,0,0,2025,6,T2,June
26,27,20250603,2,-1,-1,-1,-1,126,1,1,92.0,0.0,0.0,0.0,0.0,0.0,0,0,2025,6,T2,June
56,76,20250605,57,-1,-1,-1,-1,128,1,1,129.0,37.0,0.0,37.0,0.0,0.0,0,0,2025,6,T2,June
80,145,20250605,82,-1,-1,-1,-1,127,1,1,90.0,98.0,0.0,98.0,0.0,0.0,0,0,2025,6,T2,June
-1,-1,20250605,-1,-1,-1,47,-1,-1,3,0,0.0,0.0,0.0,0.0,0.0,0.0,6,0,2025,6,T2,June
-1,-1,20250605,-1,-1,-1,48,-1,-1,3,0,0.0,0.0,0.0,0.0,0.0,0.0,19,0,2025,6,T2,June
-1,-1,20250605,-1,-1,-1,3,-1,-1,3,0,0.0,0.0,0.0,0.0,0.0,0.0,11,0,2025,6,T2,June
-1,-1,20250605,-1,-1,-1,10,-1,-1,3,0,0.0,0.0,0.0,0.0,0.0,0.0,13,0,2025,6,T2,June
87,82,20250607,81,-1,-1,-1,-1,129,1,4,25.0,8.0,0.0,8.0,0.0,0.0,0,0,2025,6,T2,June
-1,-1,20250610,-1,16,-1,-1,158,-1,2,0,0.0,7.0,0.49000000953674316,8.489999771118164,0.0,0.0,0,0,2025,6,T2,June
34,218,20250611,2,-1,-1,-1,-1,132,1,1,86.0,94.0,0.0,94.0,0.0,0.0,0,0,2025,6,T2,June
-1,28,20250611,2,-1,-1,-1,-1,131,1,1,90.0,98.0,0.0,98.0,0.0,0.0,0,0,2025,6,T2,June
93,289,20250611,49,-1,-1,-1,-1,130,1,1,30.0,38.0,0.0,38.0,0.0,0.0,0,0,2025,6,T2,June
56,105,20250612,3,-1,-1,-1,-1,134,1,1,86.0,94.0,0.0,94.0,0.0,0.0,0,0,2025,6,T2,June
57,247,20250612,13,-1,-1,-1,-1,133,1,3,34.0,10.0,0.0,10.0,0.0,0.0,0,0,2025,6,T2,June
-1,75,20250612,2,-1,-1,-1,-1,135,1,1,90.0,98.0,0.0,98.0,0.0,0.0,0,0,2025,6,T2,June
-1,149,20250613,-1,-1,-1,-1,-1,136,1,1,50.0,58.0,0.0,58.0,0.0,0.0,0,0,2025,6,T2,June
39,178,20250616,2,-1,-1,-1,-1,137,1,4,25.0,8.0,0.0,8.0,0.0,0.0,0,0,2025,6,T2,June
-1,-1,20250617,-1,16,-1,-1,159,-1,2,0,0.0,13.0,0.9100000262260437,14.90999984741211,0.0,0.0,0,0,2025,6,T2,June
-1,-1,20250624,-1,16,-1,-1,160,-1,2,0,0.0,6.5,0.46000000834465027,7.960000038146973,0.0,0.0,0,0,2025,6,T2,June
-1,-1,20250624,-1,-1,-1,46,-1,-1,3,0,0.0,0.0,0.0,0.0,0.0,0.0,44,0,2025,6,T2,June
-1,-1,20250624,-1,-1,-1,7,-1,-1,3,0,0.0,0.0,0.0,0.0,0.0,0.0,18,0,2025,6,T2,June
-1,193,20250625,37,-1,-1,-1,-1,138,1,1,50.0,58.0,0.0,58.0,0.0,0.0,0,0,2025,6,T2,June
-1,-1,20250501,-1,-1,-1,-1,185,-1,2,0,0.0,40.59299850463867,7.7129998207092285,55.04999923706055,0.0,0.0,0,0,2025,5,T2,May
-1,-1,20250502,-1,-1,-1,-1,285,-1,1,0,0.0,8.600000381469727,0.0,10.253000259399414,0.0,0.0,0,0,2025,5,T2,May
-1,-1,20250506,-1,106,-1,-1,-1,-1,2,0,0.0,240.0,0.0,241.0,0.0,0.0,0,0,2025,5,T2,May
-1,-1,20250507,-1,-1,-1,52,-1,-1,3,0,0.0,0.0,0.0,0.0,0.0,0.0,239,11,2025,5,T2,May
-1,-1,20250507,-1,-1,-1,9,-1,-1,3,0,0.0,0.0,0.0,0.0,0.0,0.0,10,0,2025,5,T2,May
26,219,20250508,2,-1,-1,-1,-1,103,1,1,92.0,100.0,0.0,100.0,0.0,0.0,0,0,2025,5,T2,May
-1,248,20250509,-1,-1,-1,-1,-1,105,1,2,50.0,108.0,0.0,108.0,0.0,0.0,0,0,2025,5,T2,May
-1,296,20250509,-1,-1,-1,-1,-1,104,1,1,50.0,58.0,0.0,58.0,0.0,0.0,0,0,2025,5,T2,May
38,29,20250510,85,-1,-1,-1,-1,106,1,1,45.0,53.0,0.0,53.0,0.0,0.0,0,0,2025,5,T2,May
87,26,20250512,5,-1,-1,-1,-1,107,1,1,25.0,33.0,0.0,33.0,0.0,0.0,0,0,2025,5,T2,May
16,267,20250513,84,-1,-1,-1,-1,108,1,1,90.0,98.0,0.0,98.0,0.0,0.0,0,0,2025,5,T2,May
40,294,20250514,2,-1,-1,-1,-1,110,1,1,0.0,8.0,0.0,8.0,100.0,0.0,0,0,2025,5,T2,May
56,210,20250514,83,-1,-1,-1,-1,109,1,1,29.0,37.0,0.0,37.0,100.0,0.0,0,0,2025,5,T2,May
-1,292,20250516,-1,-1,-1,-1,-1,112,1,1,50.0,58.0,0.0,58.0,0.0,0.0,0,0,2025,5,T2,May
-1,286,20250516,-1,-1,-1,-1,-1,111,1,1,50.0,58.0,0.0,58.0,0.0,0.0,0,0,2025,5,T2,May
-1,222,20250518,16,-1,-1,-1,-1,113,1,1,90.0,98.0,0.0,98.0,0.0,0.0,0,0,2025,5,T2,May
69,202,20250519,2,-1,-1,-1,-1,116,1,1,120.0,28.0,0.0,28.0,0.0,0.0,0,0,2025,5,T2,May
-1,36,20250519,-1,-1,-1,-1,-1,115,1,1,399.0,399.0,0.0,399.0,0.0,0.0,0,0,2025,5,T2,May
87,120,20250519,80,-1,-1,-1,-1,114,1,2,25.0,58.0,0.0,58.0,0.0,0.0,0,0,2025,5,T2,May
-1,36,20250521,-1,-1,-1,-1,-1,117,1,1,145.0,145.0,0.0,145.0,0.0,0.0,0,0,2025,5,T2,May
-1,-1,20250521,-1,16,-1,-1,156,-1,2,0,0.0,19.5,1.3700000047683716,21.8700008392334,0.0,0.0,0,0,2025,5,T2,May
-1,-1,20250522,-1,-1,-1,4,-1,-1,3,0,0.0,0.0,0.0,0.0,0.0,0.0,8,0,2025,5,T2,May
-1,-1,20250522,-1,-1,-1,5,-1,-1,3,0,0.0,0.0,0.0,0.0,0.0,0.0,45,0,2025,5,T2,May
-1,-1,20250522,-1,-1,-1,24,-1,-1,3,0,0.0,0.0,0.0,0.0,0.0,0.0,51,7,2025,5,T2,May
-1,-1,20250522,-1,-1,-1,49,-1,-1,3,0,0.0,0.0,0.0,0.0,0.0,0.0,9,0,2025,5,T2,May
-1,-1,20250522,-1,-1,-1,50,-1,-1,3,0,0.0,0.0,0.0,0.0,0.0,0.0,3,0,2025,5,T2,May
-1,-1,20250522,-1,-1,-1,51,-1,-1,3,0,0.0,0.0,0.0,0.0,0.0,0.0,2,0,2025,5,T2,May
-1,272,20250522,2,-1,-1,-1,-1,118,1,1,120.0,28.0,0.0,28.0,0.0,0.0,0,0,2025,5,T2,May
87,284,20250523,-1,-1,-1,-1,-1,120,1,1,25.0,33.0,0.0,33.0,0.0,0.0,0,0,2025,5,T2,May
87,127,20250523,-1,-1,-1,-1,-1,119,1,1,25.0,33.0,0.0,33.0,0.0,0.0,0,0,2025,5,T2,May
-1,-1,20250523,-1,43,-1,-1,-1,-1,2,0,0.0,33.09000015258789,0.0,33.09000015258789,0.0,0.0,0,0,2025,5,T2,May
110,155,20250525,80,-1,-1,-1,-1,121,1,1,90.0,98.0,0.0,98.0,0.0,0.0,0,0,2025,5,T2,May
-1,-1,20250527,-1,16,-1,-1,157,-1,2,0,0.0,32.5,2.2799999713897705,35.779998779296875,0.0,0.0,0,0,2025,5,T2,May
41,26,20250529,5,-1,-1,-1,-1,122,1,1,49.900001525878906,57.900001525878906,0.0,57.900001525878906,0.0,0.0,0,0,2025,5,T2,May
-1,41,20250529,-1,-1,-1,-1,278,-1,1,0,0.0,276.0,0.0,329.44000244140625,0.0,0.0,0,0,2025,5,T2,May
41,236,20250530,8,-1,-1,-1,-1,124,1,1,49.900001525878906,57.900001525878906,0.0,57.900001525878906,0.0,0.0,0,0,2025,5,T2,May
95,259,20250530,8,-1,-1,-1,-1,123,1,1,92.0,0.0,0.0,0.0,0.0,0.0,0,0,2025,5,T2,May
-1,-1,20250531,-1,-1,-1,-1,144,-1,2,0,0.0,141.177001953125,26.822999954223633,169.0,0.0,0.0,0,0,2025,5,T2,May
-1,-1,20250401,-1,-1,-1,-1,184,-1,2,0,0.0,40.59299850463867,7.7129998207092285,55.04999923706055,0.0,0.0,0,0,2025,4,T2,April
-1,-1,20250402,-1,-1,-1,-1,219,-1,1,7,0.0,0.0,0.0,0.0,0.0,0.0,0,0,2025,4,T2,April
-1,-1,20250402,-1,-1,-1,-1,220,-1,1,3,0.0,0.0,0.0,0.0,0.0,0.0,0,0,2025,4,T2,April
-1,-1,20250402,-1,-1,-1,-1,221,-1,1,4,0.0,0.0,0.0,0.0,0.0,0.0,0,0,2025,4,T2,April
-1,-1,20250402,-1,-1,-1,-1,222,-1,1,32,0.0,0.0,0.0,0.0,0.0,0.0,0,0,2025,4,T2,April
-1,-1,20250402,-1,-1,-1,-1,86,-1,2,0,0.0,18700.0,1309.0,20010.0,0.0,0.0,0,0,2025,4,T2,April
-1,104,20250402,2,-1,-1,-1,-1,95,1,1,129.0,37.0,0.0,37.0,0.0,0.0,0,0,2025,4,T2,April
-1,119,20250403,-1,-1,-1,-1,-1,96,1,1,50.0,58.0,0.0,58.0,0.0,0.0,0,0,2025,4,T2,April
-1,-1,20250403,-1,-1,-1,-1,214,-1,1,5,0.0,0.0,0.0,0.0,0.0,0.0,0,0,2025,4,T2,April
-1,167,20250403,-1,-1,-1,-1,196,-1,1,3,0.0,0.0,0.0,0.0,0.0,0.0,0,0,2025,4,T2,April
-1,41,20250403,-1,-1,-1,-1,258,-1,1,0,0.0,352.0,0.0,419.8800048828125,0.0,0.0,0,0,2025,4,T2,April
-1,96,20250411,-1,-1,-1,-1,258,-1,1,0,0.0,224.33999633789062,0.0,267.9649963378906,0.0,0.0,0,0,2025,4,T2,April
-1,241,20250411,2,-1,-1,-1,-1,97,1,1,86.0,94.0,0.0,94.0,0.0,0.0,0,0,2025,4,T2,April
36,128,20250415,87,-1,-1,-1,-1,98,1,1,65.0,73.0,0.0,73.0,0.0,0.0,0,0,2025,4,T2,April
-1,167,20250415,-1,-1,-1,-1,197,-1,1,3,0.0,0.0,0.0,0.0,0.0,0.0,0,0,2025,4,T2,April
34,85,20250417,86,-1,-1,-1,-1,99,1,1,86.0,94.0,0.0,94.0,0.0,0.0,0,0,2025,4,T2,April
-1,-1,20250420,-1,-1,-1,-1,84,-1,2,0,0.0,17391.0,1309.0,18700.0,0.0,0.0,0,0,2025,4,T2,April
-1,-1,20250422,-1,64,-1,-1,85,-1,2,0,0.0,405.0,0.0,406.0,0.0,0.0,0,0,2025,4,T2,April
87,70,20250422,6,-1,-1,-1,-1,100,1,4,25.0,8.0,0.0,8.0,0.0,0.0,0,0,2025,4,T2,April
6,61,20250423,2,-1,-1,-1,-1,101,1,1,92.0,0.0,0.0,0.0,0.0,0.0,0,0,2025,4,T2,April
54,91,20250424,2,-1,-1,-1,-1,102,1,1,90.0,98.0,0.0,98.0,0.0,0.0,0,0,2025,4,T2,April
-1,-1,20250430,-1,92,-1,-1,88,-1,2,0,0.0,193.27699279785156,36.722999572753906,231.0,0.0,0.0,0,0,2025,4,T2,April
-1,41,20250430,-1,-1,-1,-1,277,-1,1,0,0.0,576.0,0.0,686.4400024414062,0.0,0.0,0,0,2025,4,T2,April
-1,-1,20250301,-1,-1,-1,60,-1,-1,3,0,0.0,0.0,0.0,0.0,0.0,0.0,33,3,2025,3,T1,March
-1,-1,20250301,-1,-1,-1,61,-1,-1,3,0,0.0,0.0,0.0,0.0,0.0,0.0,3,2,2025,3,T1,March
-1,-1,20250301,-1,-1,-1,62,-1,-1,3,0,0.0,0.0,0.0,0.0,0.0,0.0,1,0,2025,3,T1,March
-1,-1,20250301,-1,-1,-1,23,-1,-1,3,0,0.0,0.0,0.0,0.0,0.0,0.0,18,7,2025,3,T1,March
-1,-1,20250301,-1,-1,-1,15,-1,-1,3,0,0.0,0.0,0.0,0.0,0.0,0.0,11,0,2025,3,T1,March
-1,-1,20250301,-1,-1,-1,21,-1,-1,3,0,0.0,0.0,0.0,0.0,0.0,0.0,14,1,2025,3,T1,March
-1,-1,20250301,-1,-1,-1,-1,-1,-1,2,0,0.0,25.209999084472656,4.789999961853027,34.20000076293945,0.0,0.0,0,0,2025,3,T1,March
-1,-1,20250301,-1,99,-1,-1,154,-1,2,0,0.0,38.79199981689453,7.369999885559082,52.625,0.0,0.0,0,0,2025,3,T1,March
34,-1,20250301,94,-1,-1,-1,-1,79,1,1,129.0,137.0,0.0,137.0,0.0,0.0,0,0,2025,3,T1,March
34,249,20250301,95,-1,-1,-1,-1,78,1,2,129.0,258.0,0.0,258.0,0.0,0.0,0,0,2025,3,T1,March
34,8,20250301,96,-1,-1,-1,-1,77,1,1,129.0,137.0,0.0,137.0,0.0,0.0,0,0,2025,3,T1,March
16,72,20250302,92,-1,-1,-1,-1,81,1,1,64.0,72.0,0.0,72.0,26.0,0.0,0,0,2025,3,T1,March
34,66,20250302,93,-1,-1,-1,-1,80,1,2,86.0,172.0,0.0,172.0,0.0,0.0,0,0,2025,3,T1,March
-1,-1,20250302,-1,-1,-1,22,-1,-1,3,0,0.0,0.0,0.0,0.0,0.0,0.0,50,1,2025,3,T1,March
-1,-1,20250302,-1,-1,-1,12,-1,-1,3,0,0.0,0.0,0.0,0.0,0.0,0.0,4,0,2025,3,T1,March
-1,-1,20250302,-1,-1,-1,1,-1,-1,3,0,0.0,0.0,0.0,0.0,0.0,0.0,12,0,2025,3,T1,March
-1,-1,20250302,-1,-1,-1,57,-1,-1,3,0,0.0,0.0,0.0,0.0,0.0,0.0,59,2,2025,3,T1,March
-1,-1,20250302,-1,-1,-1,58,-1,-1,3,0,0.0,0.0,0.0,0.0,0.0,0.0,101,0,2025,3,T1,March
-1,-1,20250302,-1,-1,-1,59,-1,-1,3,0,0.0,0.0,0.0,0.0,0.0,0.0,0,0,2025,3,T1,March
-1,41,20250302,-1,-1,-1,-1,276,-1,1,0,0.0,527.0,0.0,628.1300048828125,0.0,0.0,0,0,2025,3,T1,March
-1,6,20250302,-1,-1,-1,-1,288,-1,1,0,0.0,160.0,0.0,191.39999389648438,0.0,0.0,0,0,2025,3,T1,March
-1,6,20250304,-1,-1,-1,-1,290,-1,1,0,0.0,256.0,0.0,305.6400146484375,0.0,0.0,0,0,2025,3,T1,March
15,279,20250304,7,-1,-1,-1,-1,82,1,1,37.5,45.5,0.0,45.5,12.5,0.0,0,0,2025,3,T1,March
-1,187,20250304,33,-1,-1,-1,-1,83,1,1,129.0,137.0,0.0,137.0,0.0,0.0,0,0,2025,3,T1,March
-1,167,20250305,-1,-1,-1,-1,249,-1,1,0,0.0,58.025001525878906,0.0,13.81095027923584,0.0,0.0,0,0,2025,3,T1,March
-1,83,20250306,-1,-1,-1,-1,252,-1,1,0,0.0,2.194499969482422,0.0,2.612454891204834,0.0,0.0,0,0,2025,3,T1,March
56,157,20250306,84,-1,-1,-1,-1,85,1,2,129.0,258.0,0.0,258.0,0.0,0.0,0,0,2025,3,T1,March
26,317,20250306,91,-1,-1,-1,-1,84,1,1,92.0,0.0,0.0,0.0,0.0,0.0,0,0,2025,3,T1,March
-1,233,20250307,90,-1,-1,-1,-1,86,1,1,129.0,137.0,0.0,137.0,0.0,0.0,0,0,2025,3,T1,March
6,204,20250310,73,-1,-1,-1,-1,87,1,1,77.30999755859375,14.6899995803833,14.6899995803833,14.6899995803833,0.0,0.0,0,0,2025,3,T1,March
-1,-1,20250310,-1,-1,-1,-1,147,-1,2,0,0.0,100.0,21.190000534057617,121.19000244140625,0.0,0.0,0,0,2025,3,T1,March
-1,167,20250311,-1,-1,-1,-1,192,-1,1,60,0.0,0.0,0.0,0.0,0.0,0.0,0,0,2025,3,T1,March
-1,-1,20250312,-1,-1,-1,-1,205,-1,1,8,0.0,0.0,0.0,0.0,0.0,0.0,0,0,2025,3,T1,March
-1,-1,20250312,-1,-1,-1,-1,206,-1,1,8,0.0,0.0,0.0,0.0,0.0,0.0,0,0,2025,3,T1,March
-1,-1,20250312,-1,-1,-1,-1,207,-1,1,15,0.0,0.0,0.0,0.0,0.0,0.0,0,0,2025,3,T1,March
-1,-1,20250313,-1,107,-1,-1,146,-1,2,0,0.0,1150.449951171875,218.58599853515625,1370.0360107421875,0.0,0.0,0,0,2025,3,T1,March
87,38,20250313,89,-1,-1,-1,-1,88,1,4,21.010000228881836,15.970000267028809,15.970000267028809,15.970000267028809,0.0,0.0,0,0,2025,3,T1,March
-1,167,20250314,-1,-1,-1,-1,217,-1,1,97,0.0,0.0,0.0,0.0,0.0,0.0,0,0,2025,3,T1,March
-1,-1,20250315,-1,-1,-1,-1,218,-1,1,13,0.0,0.0,0.0,0.0,0.0,0.0,0,0,2025,3,T1,March
-1,-1,20250315,-1,-1,-1,-1,204,-1,1,13,0.0,0.0,0.0,0.0,0.0,0.0,0,0,2025,3,T1,March
-1,-1,20250315,-1,-1,-1,-1,215,-1,1,38,0.0,0.0,0.0,0.0,0.0,0.0,0,0,2025,3,T1,March
-1,167,20250317,-1,-1,-1,-1,193,-1,1,26,0.0,0.0,0.0,0.0,0.0,0.0,0,0,2025,3,T1,March
-1,173,20250317,28,-1,-1,-1,-1,89,1,1,129.0,137.0,0.0,137.0,0.0,0.0,0,0,2025,3,T1,March
56,180,20250318,38,-1,-1,-1,-1,90,1,1,129.0,37.0,0.0,37.0,0.0,0.0,0,0,2025,3,T1,March
-1,-1,20250319,-1,-1,-1,56,-1,-1,3,0,0.0,0.0,0.0,0.0,0.0,0.0,15,0,2025,3,T1,March
-1,167,20250321,-1,-1,-1,-1,194,-1,1,50,0.0,0.0,0.0,0.0,0.0,0.0,0,0,2025,3,T1,March
-1,-1,20250324,-1,-1,-1,-1,216,-1,1,23,0.0,0.0,0.0,0.0,0.0,0.0,0,0,2025,3,T1,March
-1,-1,20250324,-1,-1,-1,-1,212,-1,1,24,0.0,0.0,0.0,0.0,0.0,0.0,0,0,2025,3,T1,March
-1,-1,20250324,-1,-1,-1,-1,202,-1,1,1,0.0,0.0,0.0,0.0,0.0,0.0,0,0,2025,3,T1,March
-1,-1,20250324,-1,-1,-1,-1,203,-1,1,3,0.0,0.0,0.0,0.0,0.0,0.0,0,0,2025,3,T1,March
-1,-1,20250325,-1,-1,-1,-1,201,-1,1,39,0.0,0.0,0.0,0.0,0.0,0.0,0,0,2025,3,T1,March
-1,-1,20250325,-1,96,-1,-1,124,-1,2,0,0.0,13458.0,942.0,14400.0,0.0,0.0,0,0,2025,3,T1,March
-1,-1,20250325,-1,-1,-1,55,-1,-1,3,0,0.0,0.0,0.0,0.0,0.0,0.0,41,4,2025,3,T1,March
15,228,20250325,88,-1,-1,-1,-1,91,1,1,37.5,45.5,0.0,45.5,12.5,0.0,0,0,2025,3,T1,March
-1,167,20250326,-1,-1,-1,-1,195,-1,1,40,0.0,0.0,0.0,0.0,0.0,0.0,0,0,2025,3,T1,March
-1,-1,20250326,-1,-1,-1,-1,199,-1,1,16,0.0,0.0,0.0,0.0,0.0,0.0,0,0,2025,3,T1,March
-1,-1,20250326,-1,-1,-1,-1,213,-1,1,13,0.0,0.0,0.0,0.0,0.0,0.0,0,0,2025,3,T1,March
-1,-1,20250327,-1,-1,-1,-1,211,-1,1,7,0.0,0.0,0.0,0.0,0.0,0.0,0,0,2025,3,T1,March
-1,-1,20250327,-1,-1,-1,-1,149,-1,2,0,0.0,108.0,20.520000457763672,129.52000427246094,0.0,0.0,0,0,2025,3,T1,March
-1,-1,20250327,-1,107,-1,-1,149,-1,2,0,0.0,108.0,20.520000457763672,129.52000427246094,0.0,0.0,0,0,2025,3,T1,March
-1,-1,20250327,-1,49,-1,-1,148,-1,2,0,0.0,49.58000183105469,9.420000076293945,60.0,0.0,0.0,0,0,2025,3,T1,March
-1,167,20250327,-1,-1,-1,-1,250,-1,1,0,0.0,58.025001525878906,0.0,34.525875091552734,0.0,0.0,0,0,2025,3,T1,March
-1,-1,20250328,-1,-1,-1,-1,200,-1,1,4,0.0,0.0,0.0,0.0,0.0,0.0,0,0,2025,3,T1,March
-1,-1,20250328,-1,-1,-1,-1,198,-1,1,47,0.0,0.0,0.0,0.0,0.0,0.0,0,0,2025,3,T1,March
-1,-1,20250328,-1,-1,-1,-1,208,-1,1,29,0.0,0.0,0.0,0.0,0.0,0.0,0,0,2025,3,T1,March
-1,-1,20250328,-1,-1,-1,-1,209,-1,1,32,0.0,0.0,0.0,0.0,0.0,0.0,0,0,2025,3,T1,March
-1,-1,20250328,-1,-1,-1,-1,210,-1,1,36,0.0,0.0,0.0,0.0,0.0,0.0,0,0,2025,3,T1,March
-1,-1,20250329,-1,-1,-1,54,-1,-1,3,0,0.0,0.0,0.0,0.0,0.0,0.0,42,2,2025,3,T1,March
-1,110,20250330,31,-1,-1,-1,-1,92,1,1,50.0,58.0,0.0,58.0,0.0,0.0,0,0,2025,3,T1,March
-1,46,20250331,-1,-1,-1,-1,-1,94,1,1,50.0,58.0,0.0,58.0,0.0,0.0,0,0,2025,3,T1,March
-1,168,20250331,-1,-1,-1,-1,-1,93,1,1,50.0,58.0,0.0,58.0,0.0,0.0,0,0,2025,3,T1,March
-1,-1,20250331,-1,-1,-1,53,-1,-1,3,0,0.0,0.0,0.0,0.0,0.0,0.0,8,0,2025,3,T1,March
-1,-1,20250331,-1,-1,-1,2,-1,-1,3,0,0.0,0.0,0.0,0.0,0.0,0.0,15,0,2025,3,T1,March
-1,-1,20250331,-1,92,-1,-1,152,-1,2,0,0.0,198.32000732421875,37.68000030517578,237.0,0.0,0.0,0,0,2025,3,T1,March
-1,-1,20250201,-1,-1,-1,-1,150,-1,2,0,0.0,75.62999725341797,14.369999885559082,102.5999984741211,0.0,0.0,0,0,2025,2,T1,February
-1,-1,20250201,-1,99,-1,-1,153,-1,2,0,0.0,50.847999572753906,9.66100025177002,68.9800033569336,0.0,0.0,0,0,2025,2,T1,February
-1,-1,20250201,-1,-1,-1,-1,87,-1,2,0,0.0,50.847999572753906,9.66100025177002,68.9800033569336,0.0,0.0,0,0,2025,2,T1,February
-1,-1,20250203,-1,72,-1,-1,116,-1,2,0,0.0,164.39999389648438,31.236000061035156,195.63600158691406,0.0,0.0,0,0,2025,2,T1,February
-1,-1,20250203,-1,14,-1,-1,155,-1,2,0,0.0,720.0,50.400001525878906,771.4000244140625,0.0,0.0,0,0,2025,2,T1,February
-1,41,20250203,-1,-1,-1,-1,275,-1,1,0,0.0,416.0,0.0,496.0400085449219,0.0,0.0,0,0,2025,2,T1,February
-1,6,20250203,-1,-1,-1,-1,289,-1,1,0,0.0,224.0,0.0,267.55999755859375,0.0,0.0,0,0,2025,2,T1,February
93,42,20250204,11,-1,-1,-1,-1,40,1,1,30.0,38.0,0.0,38.0,0.0,0.0,0,0,2025,2,T1,February
-1,-1,20250205,-1,40,-1,-1,110,-1,2,0,0.0,215.07200622558594,33.229000091552734,251.4510040283203,0.0,0.0,0,0,2025,2,T1,February
-1,-1,20250205,-1,34,-1,-1,113,-1,2,0,0.0,1836.0,129.53399658203125,1965.0,0.0,0.0,0,0,2025,2,T1,February
-1,-1,20250205,-1,56,-1,-1,120,-1,2,0,0.0,1634.0,310.5480041503906,1046.0,0.0,0.0,0,0,2025,2,T1,February
-1,-1,20250207,-1,-1,-1,37,-1,-1,3,0,0.0,0.0,0.0,0.0,0.0,0.0,20,0,2025,2,T1,February
-1,-1,20250207,-1,-1,-1,39,-1,-1,3,0,0.0,0.0,0.0,0.0,0.0,0.0,29,0,2025,2,T1,February
-1,-1,20250207,-1,-1,-1,41,-1,-1,3,0,0.0,0.0,0.0,0.0,0.0,0.0,36,0,2025,2,T1,February
-1,-1,20250208,-1,-1,-1,43,-1,-1,3,0,0.0,0.0,0.0,0.0,0.0,0.0,24,2,2025,2,T1,February
-1,-1,20250208,-1,-1,-1,44,-1,-1,3,0,0.0,0.0,0.0,0.0,0.0,0.0,53,4,2025,2,T1,February
-1,-1,20250208,-1,-1,-1,38,-1,-1,3,0,0.0,0.0,0.0,0.0,0.0,0.0,23,0,2025,2,T1,February
-1,-1,20250209,-1,-1,-1,40,-1,-1,3,0,0.0,0.0,0.0,0.0,0.0,0.0,23,0,2025,2,T1,February
-1,-1,20250209,-1,-1,-1,42,-1,-1,3,0,0.0,0.0,0.0,0.0,0.0,0.0,10,0,2025,2,T1,February
-1,-1,20250209,-1,-1,-1,33,-1,-1,3,0,0.0,0.0,0.0,0.0,0.0,0.0,24,0,2025,2,T1,February
-1,-1,20250210,-1,-1,-1,32,-1,-1,3,0,0.0,0.0,0.0,0.0,0.0,0.0,43,5,2025,2,T1,February
-1,-1,20250210,-1,-1,-1,25,-1,-1,3,0,0.0,0.0,0.0,0.0,0.0,0.0,11,0,2025,2,T1,February
-1,-1,20250210,-1,-1,-1,27,-1,-1,3,0,0.0,0.0,0.0,0.0,0.0,0.0,21,1,2025,2,T1,February
80,135,20250210,9,-1,-1,-1,-1,41,1,1,90.0,98.0,0.0,98.0,0.0,0.0,0,0,2025,2,T1,February
-1,-1,20250210,-1,109,-1,-1,118,-1,2,0,0.0,52.0,3.640000104904175,56.64039993286133,0.0,0.0,0,0,2025,2,T1,February
-1,167,20250210,-1,-1,-1,-1,248,-1,1,0,0.0,58.025001525878906,0.0,20.715925216674805,0.0,0.0,0,0,2025,2,T1,February
-1,83,20250211,-1,-1,-1,-1,251,-1,1,0,0.0,2.194000005722046,0.0,2.611459970474243,0.0,0.0,0,0,2025,2,T1,February
-1,-1,20250211,-1,15,-1,-1,111,-1,2,0,0.0,14.0,2.6600000858306885,17.65999984741211,0.0,0.0,0,0,2025,2,T1,February
87,74,20250211,108,-1,-1,-1,-1,43,1,1,25.0,33.0,0.0,33.0,0.0,0.0,0,0,2025,2,T1,February
15,44,20250211,81,-1,-1,-1,-1,42,1,2,50.0,8.0,0.0,8.0,0.0,0.0,0,0,2025,2,T1,February
-1,-1,20250211,-1,-1,-1,30,-1,-1,3,0,0.0,0.0,0.0,0.0,0.0,0.0,26,3,2025,2,T1,February
-1,-1,20250211,-1,-1,-1,31,-1,-1,3,0,0.0,0.0,0.0,0.0,0.0,0.0,17,0,2025,2,T1,February
-1,-1,20250211,-1,-1,-1,18,-1,-1,3,0,0.0,0.0,0.0,0.0,0.0,0.0,13,0,2025,2,T1,February
87,208,20250212,6,-1,-1,-1,-1,46,1,1,25.0,33.0,0.0,33.0,0.0,0.0,0,0,2025,2,T1,February
15,179,20250212,-1,-1,-1,-1,-1,45,1,1,50.0,58.0,0.0,58.0,0.0,0.0,0,0,2025,2,T1,February
15,279,20250212,107,-1,-1,-1,-1,44,1,1,50.0,58.0,0.0,58.0,0.0,0.0,0,0,2025,2,T1,February
-1,-1,20250212,-1,-1,-1,-1,114,-1,2,0,0.0,426.0,29.81999969482422,456.82000732421875,0.0,0.0,0,0,2025,2,T1,February
-1,-1,20250212,-1,108,-1,-1,106,-1,2,0,0.0,96.0,6.7870001792907715,104.74700164794922,0.0,0.0,0,0,2025,2,T1,February
-1,-1,20250213,-1,-1,-1,-1,107,-1,2,0,0.0,255.0,0.0,256.0,0.0,0.0,0,0,2025,2,T1,February
39,95,20250213,35,-1,-1,-1,-1,68,1,1,25.0,33.0,0.0,33.0,0.0,0.0,0,0,2025,2,T1,February
15,4,20250213,99,-1,-1,-1,-1,67,1,1,50.0,58.0,0.0,58.0,0.0,0.0,0,0,2025,2,T1,February
39,84,20250213,14,-1,-1,-1,-1,66,1,1,25.0,33.0,0.0,33.0,0.0,0.0,0,0,2025,2,T1,February
15,221,20250213,100,-1,-1,-1,-1,65,1,1,50.0,58.0,0.0,58.0,0.0,0.0,0,0,2025,2,T1,February
87,195,20250213,19,-1,-1,-1,-1,63,1,2,25.0,58.0,0.0,58.0,0.0,0.0,0,0,2025,2,T1,February
24,137,20250213,101,-1,-1,-1,-1,62,1,1,25.0,33.0,0.0,33.0,0.0,0.0,0,0,2025,2,T1,February
24,270,20250213,6,-1,-1,-1,-1,61,1,1,25.0,33.0,0.0,33.0,0.0,0.0,0,0,2025,2,T1,February
87,265,20250213,-1,-1,-1,-1,-1,60,1,1,25.0,33.0,0.0,33.0,0.0,0.0,0,0,2025,2,T1,February
87,158,20250213,-1,-1,-1,-1,-1,59,1,1,25.0,33.0,0.0,33.0,0.0,0.0,0,0,2025,2,T1,February
15,30,20250213,-1,-1,-1,-1,-1,58,1,1,50.0,58.0,0.0,58.0,0.0,0.0,0,0,2025,2,T1,February
87,12,20250213,-1,-1,-1,-1,-1,57,1,1,25.0,33.0,0.0,33.0,0.0,0.0,0,0,2025,2,T1,February
87,139,20250213,-1,-1,-1,-1,-1,56,1,1,25.0,33.0,0.0,33.0,0.0,0.0,0,0,2025,2,T1,February
15,185,20250213,102,-1,-1,-1,-1,55,1,1,50.0,58.0,0.0,58.0,0.0,0.0,0,0,2025,2,T1,February
24,182,20250213,-1,-1,-1,-1,-1,54,1,2,25.0,58.0,0.0,58.0,0.0,0.0,0,0,2025,2,T1,February
24,282,20250213,103,-1,-1,-1,-1,53,1,1,25.0,33.0,0.0,33.0,0.0,0.0,0,0,2025,2,T1,February
15,273,20250213,37,-1,-1,-1,-1,52,1,1,50.0,58.0,0.0,58.0,0.0,0.0,0,0,2025,2,T1,February
87,59,20250213,6,-1,-1,-1,-1,51,1,1,25.0,33.0,0.0,33.0,0.0,0.0,0,0,2025,2,T1,February
87,188,20250213,104,-1,-1,-1,-1,50,1,1,25.0,33.0,0.0,33.0,0.0,0.0,0,0,2025,2,T1,February
39,63,20250213,28,-1,-1,-1,-1,49,1,1,25.0,33.0,0.0,33.0,0.0,0.0,0,0,2025,2,T1,February
-1,32,20250213,105,-1,-1,-1,-1,48,1,1,60.0,68.0,0.0,68.0,0.0,0.0,0,0,2025,2,T1,February
87,274,20250213,106,-1,-1,-1,-1,47,1,1,25.0,33.0,0.0,33.0,0.0,0.0,0,0,2025,2,T1,February
-1,-1,20250213,-1,-1,-1,29,-1,-1,3,0,0.0,0.0,0.0,0.0,0.0,0.0,24,2,2025,2,T1,February
-1,-1,20250213,-1,-1,-1,35,-1,-1,3,0,0.0,0.0,0.0,0.0,0.0,0.0,26,0,2025,2,T1,February
-1,-1,20250213,-1,-1,-1,26,-1,-1,3,0,0.0,0.0,0.0,0.0,0.0,0.0,19,0,2025,2,T1,February
15,89,20250213,8,-1,-1,-1,-1,64,1,1,50.0,58.0,0.0,58.0,0.0,0.0,0,0,2025,2,T1,February
87,260,20250214,98,-1,-1,-1,-1,70,1,1,25.0,33.0,0.0,33.0,0.0,0.0,0,0,2025,2,T1,February
87,121,20250214,-1,-1,-1,-1,-1,69,1,1,25.0,33.0,0.0,33.0,0.0,0.0,0,0,2025,2,T1,February
95,49,20250215,90,-1,-1,-1,-1,71,1,1,92.0,0.0,0.0,0.0,0.0,0.0,0,0,2025,2,T1,February
-1,-1,20250217,-1,5,-1,-1,103,-1,2,0,0.0,1948.0,136.36000061035156,2085.360107421875,0.0,0.0,0,0,2025,2,T1,February
-1,-1,20250219,-1,30,-1,-1,105,-1,2,0,0.0,2900.0,203.0,3104.0,0.0,0.0,0,0,2025,2,T1,February
76,39,20250219,2,-1,-1,-1,-1,72,1,1,20.0,8.0,0.0,8.0,0.0,0.0,0,0,2025,2,T1,February
-1,167,20250219,-1,-1,-1,-1,247,-1,1,0,0.0,3.75,7.135000228881836,4.463500022888184,0.0,0.0,0,0,2025,2,T1,February
95,181,20250221,49,-1,-1,-1,-1,73,1,1,92.0,0.0,0.0,0.0,0.0,0.0,0,0,2025,2,T1,February
-1,-1,20250221,-1,104,-1,-1,108,-1,2,0,0.0,205.60699462890625,14.392999649047852,220.0,0.0,0.0,0,0,2025,2,T1,February
87,302,20250223,-1,-1,-1,-1,-1,74,1,1,25.0,33.0,0.0,33.0,0.0,0.0,0,0,2025,2,T1,February
26,244,20250224,28,-1,-1,-1,-1,75,1,1,92.0,0.0,0.0,0.0,0.0,0.0,0,0,2025,2,T1,February
-1,-1,20250224,-1,-1,-1,-1,104,-1,2,0,0.0,50.0,11.095000267028809,61.095001220703125,0.0,0.0,0,0,2025,2,T1,February
-1,-1,20250226,-1,-1,-1,-1,115,-1,2,0,0.0,13050.0,913.5,13964.0,0.0,0.0,0,0,2025,2,T1,February
87,87,20250226,97,-1,-1,-1,-1,76,1,1,25.0,33.0,0.0,33.0,0.0,0.0,0,0,2025,2,T1,February
-1,-1,20250226,-1,-1,-1,28,-1,-1,3,0,0.0,0.0,0.0,0.0,0.0,0.0,8,0,2025,2,T1,February
-1,-1,20250226,-1,-1,-1,16,-1,-1,3,0,0.0,0.0,0.0,0.0,0.0,0.0,23,0,2025,2,T1,February
-1,-1,20250226,-1,-1,-1,19,-1,-1,3,0,0.0,0.0,0.0,0.0,0.0,0.0,16,0,2025,2,T1,February
-1,-1,20250227,-1,-1,-1,20,-1,-1,3,0,0.0,0.0,0.0,0.0,0.0,0.0,12,0,2025,2,T1,February
-1,-1,20250227,-1,-1,-1,13,-1,-1,3,0,0.0,0.0,0.0,0.0,0.0,0.0,10,0,2025,2,T1,February
-1,-1,20250227,-1,-1,-1,14,-1,-1,3,0,0.0,0.0,0.0,0.0,0.0,0.0,3,0,2025,2,T1,February
-1,-1,20250227,-1,15,-1,-1,112,-1,2,0,0.0,130.0,24.700000762939453,155.6999969482422,0.0,0.0,0,0,2025,2,T1,February
-1,-1,20250227,-1,109,-1,-1,119,-1,2,0,0.0,13.0,0.9100000262260437,14.90999984741211,0.0,0.0,0,0,2025,2,T1,February
-1,-1,20250228,-1,92,-1,-1,117,-1,2,0,0.0,305.88299560546875,58.117000579833984,365.0,0.0,0.0,0,0,2025,2,T1,February
-1,-1,20250228,-1,107,-1,-1,145,-1,2,0,0.0,1630.0,309.70001220703125,1940.699951171875,0.0,0.0,0,0,2025,2,T1,February
-1,-1,20250228,-1,-1,-1,11,-1,-1,3,0,0.0,0.0,0.0,0.0,0.0,0.0,7,0,2025,2,T1,February
-1,-1,20250228,-1,-1,-1,36,-1,-1,3,0,0.0,0.0,0.0,0.0,0.0,0.0,39,2,2025,2,T1,February
-1,-1,20250228,-1,-1,-1,34,-1,-1,3,0,0.0,0.0,0.0,0.0,0.0,0.0,22,0,2025,2,T1,February
-1,-1,20250228,-1,-1,-1,63,-1,-1,3,0,0.0,0.0,0.0,0.0,0.0,0.0,21,1,2025,2,T1,February
-1,-1,20250228,-1,-1,-1,64,-1,-1,3,0,0.0,0.0,0.0,0.0,0.0,0.0,15,2,2025,2,T1,February
-1,-1,20250102,-1,60,-1,-1,123,-1,2,0,0.0,1000.0,70.0,1071.0,0.0,0.0,0,0,2025,1,T1,January
-1,41,20250102,-1,-1,-1,-1,274,-1,1,0,0.0,352.0,0.0,419.8800048828125,0.0,0.0,0,0,2025,1,T1,January
-1,52,20250103,-1,-1,-1,-1,260,-1,1,0,0.0,50.0,0.0,59.500999450683594,0.0,0.0,0,0,2025,1,T1,January
83,183,20250103,18,-1,-1,-1,-1,31,1,1,58.0,65.0,0.0,65.0,0.0,0.0,0,0,2025,1,T1,January
-1,194,20250106,17,-1,-1,-1,-1,32,1,1,120.0,27.0,0.0,27.0,0.0,0.0,0,0,2025,1,T1,January
-1,-1,20250106,-1,-1,-1,-1,-1,-1,2,0,0.0,818.0,0.0,818.0,0.0,0.0,0,0,2025,1,T1,January
-1,-1,20250106,-1,25,-1,-1,-1,-1,2,0,0.0,894.0,0.0,894.0,0.0,0.0,0,0,2025,1,T1,January
-1,6,20250107,-1,-1,-1,-1,293,-1,1,0,0.0,192.0,0.0,229.47999572753906,0.0,0.0,0,0,2025,1,T1,January
-1,3,20250111,-1,-1,-1,-1,243,-1,1,0,0.0,19.5,0.0,23.20599937438965,0.0,0.0,0,0,2025,1,T1,January
64,166,20250111,16,-1,-1,-1,-1,33,1,1,48.0,55.0,0.0,55.0,0.0,0.0,0,0,2025,1,T1,January
93,78,20250114,-1,-1,-1,-1,-1,35,1,1,30.0,37.0,0.0,37.0,0.0,0.0,0,0,2025,1,T1,January
93,256,20250114,15,-1,-1,-1,-1,34,1,1,30.0,37.0,0.0,37.0,0.0,0.0,0,0,2025,1,T1,January
-1,-1,20250114,-1,33,-1,-1,138,-1,2,0,0.0,1286.0,90.0199966430664,1377.0,0.0,0.0,0,0,2025,1,T1,January
-1,167,20250116,-1,-1,-1,-1,246,-1,1,0,0.0,58.025001525878906,0.0,69.05075073242188,0.0,0.0,0,0,2025,1,T1,January
52,283,20250118,14,-1,-1,-1,-1,36,1,1,46.0,53.0,0.0,53.0,0.0,0.0,0,0,2025,1,T1,January
80,264,20250120,5,-1,-1,-1,-1,37,1,1,90.0,97.0,0.0,97.0,0.0,0.0,0,0,2025,1,T1,January
-1,-1,20250121,-1,53,-1,-1,-1,-1,2,0,0.0,0.0,0.0,162.5,0.0,0.0,0,0,2025,1,T1,January
-1,-1,20250122,-1,85,-1,-1,124,-1,2,0,0.0,0.0,0.0,2350.0,0.0,0.0,0,0,2025,1,T1,January
-1,-1,20250123,-1,73,-1,-1,126,-1,2,0,0.0,1251.0,237.5,1488.5,0.0,0.0,0,0,2025,1,T1,January
-1,-1,20250124,-1,-1,-1,-1,134,-1,2,0,0.0,2860.0,200.1999969482422,3060.0,0.0,0.0,0,0,2025,1,T1,January
80,51,20250124,12,-1,-1,-1,-1,39,1,1,90.0,97.0,0.0,97.0,0.0,0.0,0,0,2025,1,T1,January
45,277,20250124,13,-1,-1,-1,-1,38,1,2,50.0,7.0,0.0,7.0,0.0,0.0,0,0,2025,1,T1,January
-1,-1,20250127,-1,76,-1,-1,135,-1,2,0,0.0,37.0,2.5899999141693115,40.59000015258789,0.0,0.0,0,0,2025,1,T1,January
-1,-1,20250127,-1,53,-1,-1,-1,-1,2,0,0.0,0.0,0.0,110.0,0.0,0.0,0,0,2025,1,T1,January
-1,-1,20250128,-1,57,-1,-1,125,-1,2,0,0.0,35.29399871826172,6.705999851226807,43.0,0.0,0.0,0,0,2025,1,T1,January
-1,-1,20250131,-1,-1,-1,-1,122,-1,2,0,0.0,510.0,0.0,511.0,0.0,0.0,0,0,2025,1,T1,January
-1,-1,20241202,-1,66,-1,-1,-1,-1,2,0,0.0,20.0,0.0,20.0,0.0,0.0,0,0,2024,12,T4,December
-1,-1,20241205,-1,81,-1,-1,35,-1,2,0,0.0,1335.0,254.64999389648438,1589.6500244140625,0.0,0.0,0,0,2024,12,T4,December
-1,-1,20241205,-1,-1,-1,-1,-1,-1,2,0,0.0,16095.0,0.0,16095.0,0.0,0.0,0,0,2024,12,T4,December
-1,-1,20241205,-1,98,-1,-1,-1,-1,2,0,0.0,16095.0,0.0,0.0,0.0,0.0,0,0,2024,12,T4,December
-1,-1,20241205,-1,-1,-1,-1,35,-1,2,0,0.0,1335.0,253.64999389648438,1589.0,0.0,0.0,0,0,2024,12,T4,December
-1,-1,20241206,-1,53,-1,-1,-1,-1,2,0,0.0,0.0,0.0,165.0,0.0,0.0,0,0,2024,12,T4,December
-1,-1,20241206,-1,102,-1,-1,-1,-1,2,0,0.0,1800.0,0.0,1800.0,0.0,0.0,0,0,2024,12,T4,December
-1,-1,20241206,-1,8,-1,-1,-1,-1,2,0,0.0,440.0,0.0,440.0,0.0,0.0,0,0,2024,12,T4,December
-1,-1,20241207,-1,53,-1,-1,-1,-1,2,0,0.0,0.0,0.0,315.0,0.0,0.0,0,0,2024,12,T4,December
-1,-1,20241209,-1,13,-1,-1,136,-1,2,0,0.0,1022.0,0.0,1022.0,0.0,0.0,0,0,2024,12,T4,December
-1,-1,20241209,-1,-1,-1,-1,34,-1,2,0,0.0,207.5,39.42499923706055,247.9250030517578,0.0,0.0,0,0,2024,12,T4,December
-1,-1,20241209,-1,81,-1,-1,34,-1,2,0,0.0,207.5,40.42499923706055,247.9250030517578,0.0,0.0,0,0,2024,12,T4,December
-1,41,20241209,-1,-1,-1,-1,273,-1,1,0,0.0,544.0,0.0,648.3599853515625,0.0,0.0,0,0,2024,12,T4,December
-1,2,20241210,-1,-1,-1,-1,244,-1,1,0,0.0,26784.0,5089.9599609375,31873.9609375,0.0,0.0,0,0,2024,12,T4,December
-1,111,20241210,-1,-1,-1,-1,223,-1,1,432,0.0,0.0,0.0,0.0,0.0,0.0,0,0,2024,12,T4,December
99,122,20241210,23,-1,-1,-1,-1,26,1,1,28.0,35.0,0.0,35.0,0.0,0.0,0,0,2024,12,T4,December
-1,-1,20241211,-1,53,-1,-1,-1,-1,2,0,0.0,0.0,0.0,375.0,0.0,0.0,0,0,2024,12,T4,December
-1,-1,20241222,-1,33,-1,-1,137,-1,2,0,0.0,830.0,58.099998474121094,889.0999755859375,0.0,0.0,0,0,2024,12,T4,December
-1,-1,20241222,-1,-1,-1,-1,-1,-1,2,0,0.0,830.0,59.099998474121094,889.0999755859375,0.0,0.0,0,0,2024,12,T4,December
-1,-1,20241223,-1,-1,-1,-1,-1,-1,2,0,0.0,189.0,36.90999984741211,225.91000366210938,0.0,0.0,0,0,2024,12,T4,December
-1,-1,20241223,-1,-1,-1,-1,95,-1,2,0,0.0,190.0,35.90999984741211,225.91000366210938,0.0,0.0,0,0,2024,12,T4,December
93,154,20241223,22,-1,-1,-1,-1,27,1,1,30.0,37.0,0.0,37.0,0.0,0.0,0,0,2024,12,T4,December
-1,138,20241224,21,-1,-1,-1,-1,28,1,3,20.0,67.0,0.0,67.0,0.0,0.0,0,0,2024,12,T4,December
-1,-1,20241224,-1,53,-1,-1,-1,-1,2,0,0.0,0.0,0.0,295.5,0.0,0.0,0,0,2024,12,T4,December
-1,-1,20241225,-1,101,-1,-1,-1,-1,2,0,0.0,230.0,0.0,230.0,0.0,0.0,0,0,2024,12,T4,December
-1,-1,20241225,-1,3,-1,-1,-1,-1,2,0,0.0,900.0,0.0,900.0,0.0,0.0,0,0,2024,12,T4,December
93,114,20241225,20,-1,-1,-1,-1,29,1,1,30.0,37.0,0.0,37.0,0.0,0.0,0,0,2024,12,T4,December
-1,52,20241225,-1,-1,-1,-1,259,-1,1,0,0.0,50.0,0.0,59.500999450683594,0.0,0.0,0,0,2024,12,T4,December
93,68,20241227,19,-1,-1,-1,-1,30,1,1,30.0,37.0,0.0,37.0,0.0,0.0,0,0,2024,12,T4,December
-1,-1,20241230,-1,79,-1,-1,121,-1,2,0,0.0,2140.0,149.8000030517578,2290.0,0.0,0.0,0,0,2024,12,T4,December
-1,-1,20241231,-1,19,-1,-1,-1,-1,2,0,0.0,420.0,0.0,420.0,0.0,0.0,0,0,2024,12,T4,December
-1,-1,20241231,-1,-1,-1,-1,-1,-1,2,0,0.0,500.0,0.0,500.0,0.0,0.0,0,0,2024,12,T4,December
-1,-1,20241231,-1,31,-1,-1,-1,-1,2,0,0.0,200.0,0.0,200.0,0.0,0.0,0,0,2024,12,T4,December
-1,-1,20241231,-1,32,-1,-1,-1,-1,2,0,0.0,200.0,0.0,200.0,0.0,0.0,0,0,2024,12,T4,December
-1,-1,20241231,-1,97,-1,-1,-1,-1,2,0,0.0,250.0,0.0,250.0,0.0,0.0,0,0,2024,12,T4,December
-1,-1,20241231,-1,61,-1,-1,-1,-1,2,0,0.0,300.0,0.0,300.0,0.0,0.0,0,0,2024,12,T4,December
-1,-1,20241101,-1,52,-1,-1,-1,-1,2,0,0.0,75.0,0.0,75.0,0.0,0.0,0,0,2024,11,T4,November
-1,-1,20241101,-1,-1,-1,-1,-1,-1,2,0,0.0,125.0,0.0,125.0,0.0,0.0,0,0,2024,11,T4,November
-1,-1,20241101,-1,1,-1,-1,102,-1,2,0,0.0,64.28600311279297,12.21399974822998,87.20999908447266,0.0,0.0,0,0,2024,11,T4,November
-1,93,20241107,26,-1,-1,-1,-1,23,1,3,15.0,52.0,0.0,52.0,0.0,0.0,0,0,2024,11,T4,November
41,108,20241107,10,-1,-1,-1,-1,22,1,1,70.0,77.0,0.0,77.0,0.0,0.0,0,0,2024,11,T4,November
-1,-1,20241108,-1,38,-1,-1,93,-1,2,0,0.0,0.0,0.0,1250.0,0.0,0.0,0,0,2024,11,T4,November
-1,-1,20241108,-1,62,-1,-1,32,-1,2,0,0.0,1250.0,0.0,1250.0,0.0,0.0,0,0,2024,11,T4,November
-1,41,20241108,-1,-1,-1,-1,272,-1,1,0,0.0,584.0,0.0,695.9600219726562,0.0,0.0,0,0,2024,11,T4,November
-1,34,20241113,-1,-1,-1,-1,243,-1,1,0,0.0,19500.0,3706.0,23206.0,0.0,0.0,0,0,2024,11,T4,November
-1,-1,20241113,-1,-1,-1,-1,96,-1,2,0,0.0,1484.0,290.7040100097656,1765.8160400390625,0.0,0.0,0,0,2024,11,T4,November
-1,-1,20241114,-1,-1,-1,-1,33,-1,2,0,0.0,9001.0,1710.0,10711.0,0.0,0.0,0,0,2024,11,T4,November
-1,-1,20241115,-1,90,-1,-1,-1,-1,2,0,0.0,90.0,0.0,90.0,0.0,0.0,0,0,2024,11,T4,November
-1,-1,20241121,-1,78,-1,-1,30,-1,2,0,0.0,625.0,127.18800354003906,752.18798828125,0.0,0.0,0,0,2024,11,T4,November
-1,-1,20241121,-1,-1,-1,-1,31,-1,2,0,0.0,66.4000015258789,12.425999641418457,78.82599639892578,0.0,0.0,0,0,2024,11,T4,November
93,299,20241123,25,-1,-1,-1,-1,24,1,1,30.0,37.0,0.0,37.0,0.0,0.0,0,0,2024,11,T4,November
41,261,20241125,24,-1,-1,-1,-1,25,1,1,70.0,77.0,0.0,77.0,0.0,0.0,0,0,2024,11,T4,November
-1,-1,20241127,-1,53,-1,-1,-1,-1,2,0,0.0,159.29100036621094,24.208999633789062,183.5,0.0,0.0,0,0,2024,11,T4,November
-1,-1,20241001,-1,1,-1,-1,101,-1,2,0,0.0,64.28600311279297,12.21399974822998,87.20999908447266,0.0,0.0,0,0,2024,10,T4,October
-1,-1,20241001,-1,1,-1,-1,25,-1,2,0,0.0,64.28600311279297,22.924339294433594,87.21034240722656,0.0,0.0,0,0,2024,10,T4,October
-1,-1,20241001,-1,25,-1,-1,-1,-1,2,0,0.0,30.0,0.0,30.0,0.0,0.0,0,0,2024,10,T4,October
-1,-1,20241001,-1,52,-1,-1,-1,-1,2,0,0.0,140.0,0.0,140.0,0.0,0.0,0,0,2024,10,T4,October
-1,111,20241012,-1,-1,-1,-1,244,-1,1,0,0.0,26.784000396728516,0.0,31.873960494995117,0.0,0.0,0,0,2024,10,T4,October
-1,-1,20241025,-1,-1,-1,-1,261,-1,1,0,0.0,15.75,0.0,18.743499755859375,0.0,0.0,0,0,2024,10,T4,October
-1,-1,20241025,-1,-1,-1,-1,262,-1,1,0,0.0,14.850000381469727,0.0,17.672500610351562,0.0,0.0,0,0,2024,10,T4,October
-1,-1,20241025,-1,-1,-1,-1,263,-1,1,0,0.0,14.399999618530273,0.0,17.136999130249023,0.0,0.0,0,0,2024,10,T4,October
-1,-1,20241025,-1,-1,-1,-1,264,-1,1,0,0.0,9.899999618530273,0.0,11.781999588012695,0.0,0.0,0,0,2024,10,T4,October
-1,-1,20240901,-1,1,-1,-1,25,-1,2,0,0.0,64.28600311279297,22.924339294433594,87.21034240722656,0.0,0.0,0,0,2024,9,T3,September
-1,-1,20240901,-1,1,-1,-1,100,-1,2,0,0.0,64.28600311279297,12.21399974822998,87.20999908447266,0.0,0.0,0,0,2024,9,T3,September
-1,300,20240906,28,-1,-1,-1,-1,20,1,1,180.0,187.0,0.0,187.0,0.0,0.0,0,0,2024,9,T3,September
-1,41,20240906,-1,-1,-1,-1,241,-1,1,0,0.0,544.0,104.36000061035156,648.3599853515625,0.0,0.0,0,0,2024,9,T3,September
-1,-1,20240910,-1,-1,-1,-1,299,-1,1,0,0.0,105.552001953125,0.0,125.60700225830078,0.0,0.0,0,0,2024,9,T3,September
64,170,20240926,27,-1,-1,-1,-1,21,1,1,48.0,55.0,0.0,55.0,0.0,0.0,0,0,2024,9,T3,September
-1,41,20240930,-1,-1,-1,-1,271,-1,1,0,0.0,560.0,0.0,667.4000244140625,0.0,0.0,0,0,2024,9,T3,September
-1,-1,20240801,-1,1,-1,-1,99,-1,2,0,0.0,64.28600311279297,12.21399974822998,87.20999908447266,0.0,0.0,0,0,2024,8,T3,August
-1,-1,20240801,-1,1,-1,-1,25,-1,2,0,0.0,64.28600311279297,22.924339294433594,87.21034240722656,0.0,0.0,0,0,2024,8,T3,August
83,319,20240805,31,-1,-1,-1,-1,16,1,1,58.0,65.0,0.0,65.0,0.0,0.0,0,0,2024,8,T3,August
36,229,20240817,30,-1,-1,-1,-1,17,1,1,65.0,72.0,0.0,72.0,0.0,0.0,0,0,2024,8,T3,August
-1,230,20240827,13,-1,-1,-1,-1,19,1,1,55.0,62.0,0.0,62.0,0.0,0.0,0,0,2024,8,T3,August
93,98,20240827,29,-1,-1,-1,-1,18,1,1,30.0,37.0,0.0,37.0,0.0,0.0,0,0,2024,8,T3,August
-1,-1,20240701,-1,44,-1,-1,-1,-1,2,0,0.0,330.0,63.70000076293945,393.70001220703125,0.0,0.0,0,0,2024,7,T3,July
-1,-1,20240701,-1,1,-1,-1,25,-1,2,0,0.0,64.28600311279297,22.924339294433594,87.21034240722656,0.0,0.0,0,0,2024,7,T3,July
-1,41,20240701,-1,-1,-1,-1,238,-1,1,0,0.0,544.0,104.36000061035156,648.3599853515625,0.0,0.0,0,0,2024,7,T3,July
-1,-1,20240701,-1,1,-1,-1,98,-1,2,0,0.0,64.28600311279297,12.21399974822998,87.20999908447266,0.0,0.0,0,0,2024,7,T3,July
-1,169,20240704,4,-1,-1,-1,-1,15,1,1,14.0,21.0,0.0,21.0,0.0,0.0,0,0,2024,7,T3,July
-1,-1,20240711,-1,37,-1,-1,21,-1,2,0,0.0,1797.0,344.84429931640625,2139.395751953125,0.0,0.0,0,0,2024,7,T3,July
-1,-1,20240715,-1,18,-1,-1,23,-1,2,0,0.0,210.25,40.9474983215332,251.19749450683594,0.0,0.0,0,0,2024,7,T3,July
-1,-1,20240717,-1,95,-1,-1,22,-1,2,0,0.0,375.20001220703125,72.28800201416016,447.4880065917969,0.0,0.0,0,0,2024,7,T3,July
-1,-1,20240720,-1,17,-1,-1,24,-1,2,0,0.0,1500.4759521484375,285.0904541015625,1732.9993896484375,0.0,0.0,0,0,2024,7,T3,July
-1,-1,20240728,-1,91,-1,-1,26,-1,2,0,0.0,365.0,70.3499984741211,435.3500061035156,0.0,0.0,0,0,2024,7,T3,July
-1,41,20240730,-1,-1,-1,-1,239,-1,1,0,0.0,744.0,142.36000061035156,886.3599853515625,0.0,0.0,0,0,2024,7,T3,July
-1,124,20240730,-1,-1,-1,-1,-1,-1,1,0,0.0,2489.0,0.0,2489.0,0.0,0.0,0,0,2024,7,T3,July
-1,-1,20240601,-1,1,-1,-1,97,-1,2,0,0.0,64.28600311279297,12.21399974822998,87.20999908447266,0.0,0.0,0,0,2024,6,T2,June
-1,-1,20240601,-1,1,-1,-1,25,-1,2,0,0.0,64.28600311279297,22.924339294433594,87.21034240722656,0.0,0.0,0,0,2024,6,T2,June
-1,-1,20240610,-1,78,-1,-1,-1,-1,2,0,0.0,480.0,92.19999694824219,572.2000122070312,0.0,0.0,0,0,2024,6,T2,June
93,281,20240610,32,-1,-1,-1,-1,13,1,1,30.0,37.0,0.0,37.0,0.0,0.0,0,0,2024,6,T2,June
93,224,20240611,2,-1,-1,-1,-1,14,1,1,30.0,37.0,0.0,37.0,0.0,0.0,0,0,2024,6,T2,June
-1,290,20240612,-1,-1,-1,-1,236,-1,1,0,0.0,31.0,5.889999866485596,36.88999938964844,0.0,0.0,0,0,2024,6,T2,June
-1,2,20240612,-1,-1,-1,-1,237,-1,1,0,0.0,4150.0,789.5,4939.5,0.0,0.0,0,0,2024,6,T2,June
-1,-1,20240619,-1,103,-1,-1,27,-1,2,0,0.0,1116.9000244140625,78.18299865722656,1207.251953125,0.0,0.0,0,0,2024,6,T2,June
-1,-1,20240501,-1,1,-1,-1,25,-1,2,0,0.0,64.28600311279297,22.924339294433594,87.21034240722656,0.0,0.0,0,0,2024,5,T2,May
-1,-1,20240501,-1,78,-1,-1,-1,-1,2,0,0.0,656.5999755859375,125.75399780273438,782.35400390625,0.0,0.0,0,0,2024,5,T2,May
-1,-1,20240501,-1,69,-1,-1,-1,-1,2,0,0.0,350.0,0.0,350.0,0.0,0.0,0,0,2024,5,T2,May
93,305,20240507,33,-1,-1,-1,-1,12,1,1,30.0,37.0,0.0,37.0,0.0,0.0,0,0,2024,5,T2,May
-1,2,20240515,-1,-1,-1,-1,234,-1,1,0,0.0,845.0,161.5500030517578,1006.5499877929688,0.0,0.0,0,0,2024,5,T2,May
-1,-1,20240527,-1,23,-1,-1,-1,-1,2,0,0.0,600.0,114.0,721.0,0.0,0.0,0,0,2024,5,T2,May
-1,41,20240528,-1,-1,-1,-1,235,-1,1,0,0.0,727.0,139.1300048828125,866.1300048828125,0.0,0.0,0,0,2024,5,T2,May
-1,-1,20240401,-1,-1,-1,-1,-1,-1,2,0,0.0,500.0,0.0,501.0,0.0,0.0,0,0,2024,4,T2,April
-1,-1,20240401,-1,2,-1,-1,-1,-1,2,0,0.0,75.0,0.0,75.0,0.0,0.0,0,0,2024,4,T2,April
-1,-1,20240401,-1,1,-1,-1,25,-1,2,0,0.0,64.28600311279297,22.924339294433594,87.21034240722656,0.0,0.0,0,0,2024,4,T2,April
-1,-1,20240301,-1,86,-1,-1,-1,-1,2,0,0.0,140.0,0.0,140.0,0.0,0.0,0,0,2024,3,T1,March
-1,-1,20240301,-1,55,-1,-1,-1,-1,2,0,0.0,380.0,73.19999694824219,453.20001220703125,0.0,0.0,0,0,2024,3,T1,March
-1,-1,20240301,-1,-1,-1,-1,-1,-1,2,0,0.0,75.0,0.0,75.0,0.0,0.0,0,0,2024,3,T1,March
-1,-1,20240301,-1,48,-1,-1,-1,-1,2,0,0.0,21028.029296875,1471.962158203125,22499.9921875,0.0,0.0,0,0,2024,3,T1,March
-1,-1,20240301,-1,35,-1,-1,-1,-1,2,0,0.0,550.0,0.0,550.0,0.0,0.0,0,0,2024,3,T1,March
-1,-1,20240301,-1,1,-1,-1,25,-1,2,0,0.0,64.28600311279297,22.924339294433594,87.21034240722656,0.0,0.0,0,0,2024,3,T1,March
-1,83,20240307,-1,-1,-1,-1,242,-1,1,0,0.0,1830.4000244140625,347.7760009765625,2178.176025390625,0.0,0.0,0,0,2024,3,T1,March
-1,167,20240308,-1,-1,-1,-1,240,-1,1,0,0.0,51480.0,9781.2001953125,61261.19921875,0.0,0.0,0,0,2024,3,T1,March
-1,-1,20240308,-1,36,-1,-1,-1,-1,2,0,0.0,250.0,0.0,250.0,0.0,0.0,0,0,2024,3,T1,March
-1,64,20240313,35,-1,-1,-1,-1,9,1,2,17.0,41.0,0.0,41.0,0.0,0.0,0,0,2024,3,T1,March
-1,-1,20240315,-1,67,-1,-1,-1,-1,2,0,0.0,100.0,0.0,100.0,0.0,0.0,0,0,2024,3,T1,March
-1,263,20240318,34,-1,-1,-1,-1,10,1,1,30.0,37.0,0.0,37.0,0.0,0.0,0,0,2024,3,T1,March
-1,-1,20240325,-1,42,-1,-1,-1,-1,2,0,0.0,70.0,0.0,70.0,0.0,0.0,0,0,2024,3,T1,March
-1,-1,20240326,-1,24,-1,-1,59,-1,2,0,0.0,2626.0,499.94000244140625,3125.93994140625,0.0,0.0,0,0,2024,3,T1,March
93,142,20240328,20,-1,-1,-1,-1,11,1,1,30.0,37.0,0.0,37.0,0.0,0.0,0,0,2024,3,T1,March
-1,-1,20240201,-1,1,-1,-1,25,-1,2,0,0.0,64.28600311279297,22.924339294433594,87.21034240722656,0.0,0.0,0,0,2024,2,T1,February
-1,-1,20240201,-1,29,-1,-1,-1,-1,2,0,0.0,120.0,0.0,120.0,0.0,0.0,0,0,2024,2,T1,February
-1,-1,20240101,-1,1,-1,-1,25,-1,2,0,0.0,64.28600311279297,22.924339294433594,87.21034240722656,0.0,0.0,0,0,2024,1,T1,January
-1,-1,20240116,-1,47,-1,-1,-1,-1,2,0,0.0,3932.25,275.25750732421875,4207.50732421875,0.0,0.0,0,0,2024,1,T1,January
-1,-1,20240116,-1,65,-1,-1,20,-1,2,0,0.0,8411.21484375,588.7850341796875,9000.0,0.0,0.0,0,0,2024,1,T1,January
-1,-1,20240124,-1,87,-1,-1,18,-1,2,0,0.0,950.0,192.80499267578125,1142.8050537109375,0.0,0.0,0,0,2024,1,T1,January
-1,2,20240125,-1,-1,-1,-1,232,-1,1,0,0.0,1700.0,324.0,2024.0,0.0,0.0,0,0,2024,1,T1,January
-1,41,20240131,-1,-1,-1,-1,233,-1,1,0,0.0,751.0,142.69000244140625,893.6900024414062,0.0,0.0,0,0,2024,1,T1,January
-1,-1,20231206,-1,65,-1,-1,9,-1,2,0,0.0,934.5800170898438,65.42060089111328,1000.0006103515625,0.0,0.0,0,0,2023,12,T4,December
-1,-1,20231206,-1,47,-1,-1,-1,-1,2,0,0.0,420.5509948730469,29.438570022583008,449.98956298828125,0.0,0.0,0,0,2023,12,T4,December
-1,206,20231206,37,-1,-1,-1,-1,7,1,1,19.0,19.0,0.0,19.0,0.0,0.0,0,0,2023,12,T4,December
-1,-1,20231215,-1,74,-1,-1,11,-1,2,0,0.0,762.0,145.77999877929688,907.780029296875,0.0,0.0,0,0,2023,12,T4,December
-1,-1,20231218,-1,24,-1,-1,-1,-1,2,0,0.0,1690.199951171875,322.13800048828125,2012.3380126953125,0.0,0.0,0,0,2023,12,T4,December
-1,-1,20231219,-1,-1,-1,-1,227,-1,1,0,0.0,5100.0,969.0,6069.0,0.0,0.0,0,0,2023,12,T4,December
-1,-1,20231221,-1,-1,-1,-1,13,-1,2,0,0.0,1900.0,134.0,2034.0,0.0,0.0,0,0,2023,12,T4,December
-1,-1,20231221,-1,48,-1,-1,14,-1,2,0,0.0,1425.0,99.75,1524.75,0.0,0.0,0,0,2023,12,T4,December
-1,-1,20231221,-1,84,-1,-1,15,-1,2,0,0.0,3640.0,692.5999755859375,4332.60009765625,0.0,0.0,0,0,2023,12,T4,December
-1,306,20231222,-1,-1,-1,-1,228,-1,1,0,0.0,7470.0,1419.300048828125,8889.2998046875,0.0,0.0,0,0,2023,12,T4,December
-1,62,20231223,-1,-1,-1,-1,229,-1,1,0,0.0,693.0,131.6699981689453,824.6699829101562,0.0,0.0,0,0,2023,12,T4,December
-1,-1,20231225,-1,44,-1,-1,16,-1,2,0,0.0,1800.0,360.0,2160.0,0.0,0.0,0,0,2023,12,T4,December
-1,148,20231226,-1,-1,-1,-1,230,-1,1,0,0.0,5460.0,1037.4000244140625,6497.39990234375,0.0,0.0,0,0,2023,12,T4,December
-1,41,20231228,-1,-1,-1,-1,231,-1,1,0,0.0,800.0,152.0,952.0,0.0,0.0,0,0,2023,12,T4,December
-1,-1,20231228,-1,-1,-1,-1,17,-1,2,0,0.0,504.4620056152344,96.8477783203125,601.3097534179688,0.0,0.0,0,0,2023,12,T4,December
93,276,20231230,36,-1,-1,-1,-1,8,1,1,30.0,30.0,0.0,30.0,0.0,0.0,0,0,2023,12,T4,December
-1,-1,20231121,-1,84,-1,-1,7,-1,2,0,0.0,1081.75,206.53250122070312,1288.282470703125,0.0,0.0,0,0,2023,11,T4,November
-1,-1,20231121,-1,-1,-1,-1,8,-1,2,0,0.0,462.21600341796875,88.82103729248047,551.0370483398438,0.0,0.0,0,0,2023,11,T4,November
-1,-1,20231011,-1,-1,-1,-1,6,-1,2,0,0.0,663.4439697265625,127.05435943603516,790.4983520507812,0.0,0.0,0,0,2023,10,T4,October
-1,43,20230901,22,-1,-1,-1,-1,6,1,4,15.970000267028809,76.0,12.130000114440918,76.0,0.0,0.0,0,0,2023,9,T3,September
-1,-1,20230924,-1,-1,-1,-1,5,-1,2,0,0.0,616.0,118.04000091552734,734.0399780273438,0.0,0.0,0,0,2023,9,T3,September
-1,-1,20230803,-1,-1,-1,-1,4,-1,2,0,0.0,666.1119995117188,127.561279296875,793.6732788085938,0.0,0.0,0,0,2023,8,T3,August
-1,2,20230811,-1,-1,-1,-1,226,-1,1,0,0.0,6050.419921875,1149.579833984375,7200.0,0.0,0.0,0,0,2023,8,T3,August
-1,207,20230811,38,-1,-1,-1,-1,4,1,200,30.25,7200.0,1149.5799560546875,7200.0,0.0,0.0,0,0,2023,8,T3,August
-1,56,20230821,37,-1,-1,-1,-1,5,1,1,42.02000045776367,50.0,7.980000019073486,50.0,0.0,0.0,0,0,2023,8,T3,August
-1,123,20230705,37,-1,-1,-1,-1,1,1,1,26.889999389648438,39.0,5.110000133514404,39.0,0.0,0.0,0,0,2023,7,T3,July
-1,23,20230711,37,-1,-1,-1,-1,2,1,1,47.900001525878906,64.0,9.100000381469727,64.0,0.0,0.0,0,0,2023,7,T3,July
-1,307,20230712,37,-1,-1,-1,-1,3,1,1,126.05000305175781,157.0,23.950000762939453,157.0,0.0,0.0,0,0,2023,7,T3,July
-1,-1,20230712,-1,-1,-1,-1,3,-1,2,0,0.0,799.385009765625,152.88314819335938,952.2681274414062,0.0,0.0,0,0,2023,7,T3,July
-1,-1,20230610,-1,-1,-1,-1,2,-1,2,0,0.0,812.4000244140625,155.3560028076172,967.7559814453125,0.0,0.0,0,0,2023,6,T2,June
-1,-1,20230406,-1,-1,-1,-1,1,-1,2,0,0.0,500.5,96.09500122070312,596.594970703125,0.0,0.0,0,0,2023,4,T2,April
-1,-1,-1,-1,-1,-1,-1,-1,-1,2,0,0.0,0.0,0.0,91.9000015258789,0.0,0.0,0,0,0,0,N/A,N/A
-1,-1,-1,-1,105,-1,-1,-1,-1,2,0,0.0,57.560001373291016,38.0,95.5,0.0,0.0,0,0,0,0,N/A,N/A
-1,-1,-1,-1,100,-1,-1,-1,-1,2,0,0.0,0.0,0.0,92.0,0.0,0.0,0,0,0,0,N/A,N/A
-1,-1,-1,-1,27,-1,-1,-1,-1,2,0,0.0,0.0,0.0,894.0,0.0,0.0,0,0,0,0,N/A,N/A
-1,-1,-1,-1,45,-1,-1,127,-1,2,0,0.0,386.55999755859375,73.44599914550781,461.0060119628906,0.0,0.0,0,0,0,0,N/A,N/A
-1,-1,-1,-1,-1,-1,-1,-1,-1,1,0,0.0,137692.8125,25697.7265625,163390.546875,0.0,0.0,0,0,0,0,N/A,N/A
-1,6,-1,-1,-1,-1,-1,291,-1,1,0,0.0,303.0,0.0,361.57000732421875,0.0,0.0,0,0,0,0,N/A,N/A
-1,6,-1,-1,-1,-1,-1,292,-1,1,0,0.0,224.0,0.0,267.55999755859375,0.0,0.0,0,0,0,0,N/A,N/A
-1,6,-1,-1,-1,-1,-1,294,-1,1,0,0.0,32.0,0.0,39.08000183105469,0.0,0.0,0,0,0,0,N/A,N/A
-1,-1,-1,-1,-1,-1,-1,300,-1,1,0,0.0,18.239999771118164,0.0,21.706600189208984,0.0,0.0,0,0,0,0,N/A,N/A
-1,3,-1,-1,-1,-1,-1,301,-1,1,0,0.0,19.0,0.0,22.611000061035156,0.0,0.0,0,0,0,0,N/A,N/A
-1,3,-1,-1,-1,-1,-1,302,-1,1,0,0.0,500.0,0.0,596.0,0.0,0.0,0,0,0,0,N/A,N/A
-1,3,-1,-1,-1,-1,-1,305,-1,1,0,0.0,763.0,0.0,772.219970703125,0.0,0.0,0,0,0,0,N/A,N/A
-1,6,-1,-1,-1,-1,-1,297,-1,1,0,0.0,96.0,0.0,1115.239990234375,0.0,0.0,0,0,0,0,N/A,N/A
-1,111,-1,-1,-1,-1,-1,307,-1,1,0,0.0,200.0,0.0,239.0,0.0,0.0,0,0,0,0,N/A,N/A
-1,111,-1,-1,-1,-1,-1,310,-1,1,0,0.0,26.784000396728516,0.0,31.873960494995117,0.0,0.0,0,0,0,0,N/A,N/A
-1,111,-1,-1,-1,-1,-1,311,-1,1,0,0.0,186.0,0.0,222.33999633789062,0.0,0.0,0,0,0,0,N/A,N/A
-1,111,-1,-1,-1,-1,-1,312,-1,1,0,0.0,200.0,0.0,239.0,0.0,0.0,0,0,0,0,N/A,N/A
-1,-1,-1,-1,-1,124,-1,-1,-1,4,0,0.0,0.0,0.0,0.0,0.0,0.0,0,0,0,0,N/A,N/A
-1,-1,-1,-1,-1,284,-1,-1,-1,4,0,0.0,0.0,0.0,0.0,0.0,350.0,0,0,0,0,N/A,N/A
-1,-1,-1,-1,-1,331,-1,-1,-1,4,0,0.0,0.0,0.0,0.0,0.0,10.0,0,0,0,0,N/A,N/A
