FK_Date,Montant_TTC,Montant_HT,Mois_sin,Segment_Client,client_ca_moyen,client_nb_achats,log_Likes,FK_Geographie,log_Prix_unitaire,Est_Ete,Semaine,Jour,log_Quantite,A_Remise,Est_Debut_Mois,Jour_sem_sin,FK_Client,Likes_roll4w,Annee,Jour_semaine,Jour_sem_cos,FK_Produit,Tranche_Remise,Est_Q4,Mois_cos,Mois,log_Prix_concurrent,log_Montant_TTC
20230705,39.0,33.8899998664856,-0.4999999999999997,0,39.0,1.0,0.0,37,3.3282681797551534,1,27,5,0.6931471805599453,0,1,0.9749279121818236,123,0.0,2023,2,-0.22252093395631434,0,0,0,-0.8660254037844388,7,0.0,3.6888794541139363
20230711,64.0,54.89999961853027,-0.4999999999999997,0,64.0,1.0,0.0,37,3.8897774276848933,1,28,11,0.6931471805599453,0,0,0.7818314824680298,23,0.0,2023,1,0.6234898018587336,0,0,0,-0.8660254037844388,7,0.0,4.174387269895637
20230712,157.0,133.04999923706055,-0.4999999999999997,0,157.0,1.0,0.0,37,4.844580733786305,1,28,12,0.6931471805599453,0,0,0.9749279121818236,307,0.0,2023,2,-0.22252093395631434,0,0,0,-0.8660254037844388,7,0.0,5.062595033026967
20230811,7200.0,6050.4200439453125,-0.8660254037844385,0,7200.0,1.0,0.0,38,3.4420193761824107,1,32,11,5.303304908059076,0,0,-0.433883739117558,207,0.0,2023,4,-0.9009688679024191,0,0,0,-0.5000000000000004,8,0.0,8.881975184248867
20230811,7200.0,6050.420166015625,-0.8660254037844385,2,9408.802185058594,5.0,0.0,0,0.0,1,32,11,0.0,0,0,-0.433883739117558,2,0.0,2023,4,-0.9009688679024191,0,0,0,-0.5000000000000004,8,0.0,8.881975184248867
20230821,50.0,42.019999980926514,-0.8660254037844385,0,50.0,1.0,0.0,37,3.7616651344803014,1,34,21,0.6931471805599453,0,0,0.0,56,0.0,2023,0,1.0,0,0,0,-0.5000000000000004,8,0.0,3.9318256327243257
20230901,76.0,63.86999988555908,-1.0,0,76.0,1.0,0.0,22,2.83144709498148,0,35,1,1.6094379124341003,0,1,-0.433883739117558,43,0.0,2023,4,-0.9009688679024191,0,0,0,-1.8369701987210297e-16,9,0.0,4.343805421853684
20231206,19.0,19.0,-2.4492935982947064e-16,0,19.0,1.0,0.0,37,2.995732273553991,0,49,6,0.6931471805599453,0,1,0.9749279121818236,206,0.0,2023,2,-0.22252093395631434,0,0,1,1.0,12,0.0,2.995732273553991
20231219,6069.0,5100.0,-2.4492935982947064e-16,0,0.0,0.0,0.0,0,0.0,0,51,19,0.0,0,0,0.7818314824680298,0,0.0,2023,1,0.6234898018587336,0,0,1,1.0,12,0.0,8.711113884053544
20231222,8889.2998046875,7469.999755859375,-2.4492935982947064e-16,0,8889.2998046875,1.0,0.0,0,0.0,0,51,22,0.0,0,0,-0.433883739117558,306,0.0,2023,4,-0.9009688679024191,0,0,1,1.0,12,0.0,9.092716051751182
20231223,824.6699829101562,692.9999847412109,-2.4492935982947064e-16,0,824.6699829101562,1.0,0.0,0,0.0,0,51,23,0.0,0,0,-0.9749279121818236,62,0.0,2023,5,-0.2225209339563146,0,0,1,1.0,12,0.0,6.716195157256651
20231226,6497.39990234375,5459.999877929688,-2.4492935982947064e-16,0,6497.39990234375,1.0,0.0,0,0.0,0,52,26,0.0,0,0,0.7818314824680298,148,0.0,2023,1,0.6234898018587336,0,0,1,1.0,12,0.0,8.779311256709006
20231228,952.0,800.0,-2.4492935982947064e-16,3,605.3114304315476,21.0,0.0,0,0.0,0,52,28,0.0,0,0,0.43388373911755823,41,0.0,2023,3,-0.900968867902419,0,0,1,1.0,12,0.0,6.859614903654202
20231230,30.0,30.0,-2.4492935982947064e-16,0,30.0,1.0,0.0,36,3.4339872044851463,0,52,30,0.6931471805599453,0,0,-0.9749279121818236,276,0.0,2023,5,-0.2225209339563146,93,0,1,1.0,12,0.0,3.4339872044851463
20240125,2024.0,1700.0,0.49999999999999994,2,9408.802185058594,5.0,0.0,0,0.0,0,4,25,0.0,0,0,0.43388373911755823,2,0.0,2024,3,-0.900968867902419,0,0,0,0.8660254037844387,1,0.0,7.613324979540639
20240131,893.6900024414062,751.0,0.49999999999999994,3,605.3114304315476,21.0,0.0,0,0.0,0,5,31,0.0,0,0,0.9749279121818236,41,0.0,2024,2,-0.22252093395631434,0,0,0,0.8660254037844387,1,0.0,6.796477292289047
20240307,2178.176025390625,1830.4000244140625,1.0,1,727.7999800841013,3.0,0.0,0,0.0,0,10,7,0.0,0,1,0.43388373911755823,83,0.0,2024,3,-0.900968867902419,0,0,0,6.123233995736766e-17,3,0.0,7.686702114330168
20240308,61261.19921875,51479.9990234375,1.0,3,4723.366632314829,13.0,0.0,0,0.0,0,10,8,0.0,0,1,-0.433883739117558,167,0.0,2024,4,-0.9009688679024191,0,0,0,6.123233995736766e-17,3,0.0,11.022918279493446
20240313,41.0,41.0,1.0,0,41.0,1.0,0.0,35,2.8903717578961645,0,11,13,1.0986122886681098,0,0,0.9749279121818236,64,0.0,2024,2,-0.22252093395631434,0,0,0,6.123233995736766e-17,3,0.0,3.7376696182833684
20240318,37.0,37.0,1.0,0,37.0,1.0,0.0,34,3.4339872044851463,0,12,18,0.6931471805599453,0,0,0.0,263,0.0,2024,0,1.0,0,0,0,6.123233995736766e-17,3,0.0,3.6375861597263857
20240328,37.0,37.0,1.0,0,37.0,1.0,0.0,20,3.4339872044851463,0,13,28,0.6931471805599453,0,0,0.43388373911755823,142,0.0,2024,3,-0.900968867902419,93,0,0,6.123233995736766e-17,3,0.0,3.6375861597263857
20240507,37.0,37.0,0.49999999999999994,0,37.0,1.0,0.0,33,3.4339872044851463,0,19,7,0.6931471805599453,0,1,0.7818314824680298,305,0.0,2024,1,0.6234898018587336,93,0,0,-0.8660254037844387,5,0.0,3.6375861597263857
20240515,1006.5499877929688,844.9999847412109,0.49999999999999994,2,9408.802185058594,5.0,0.0,0,0.0,0,20,15,0.0,0,0,0.9749279121818236,2,0.0,2024,2,-0.22252093395631434,0,0,0,-0.8660254037844387,5,0.0,6.915276908265424
20240528,866.1300048828125,727.0,0.49999999999999994,3,605.3114304315476,21.0,0.0,0,0.0,0,22,28,0.0,0,0,0.7818314824680298,41,0.0,2024,1,0.6234898018587336,0,0,0,-0.8660254037844387,5,0.0,6.765188913501191
20240610,37.0,37.0,1.2246467991473532e-16,0,37.0,1.0,0.0,32,3.4339872044851463,1,24,10,0.6931471805599453,0,1,0.0,281,0.0,2024,0,1.0,93,0,0,-1.0,6,0.0,3.6375861597263857
20240611,37.0,37.0,1.2246467991473532e-16,0,37.0,1.0,0.0,2,3.4339872044851463,1,24,11,0.6931471805599453,0,0,0.7818314824680298,224,0.0,2024,1,0.6234898018587336,93,0,0,-1.0,6,0.0,3.6375861597263857
20240612,36.88999938964844,30.99999952316284,1.2246467991473532e-16,0,36.88999938964844,1.0,0.0,0,0.0,1,24,12,0.0,0,0,0.9749279121818236,290,0.0,2024,2,-0.22252093395631434,0,0,0,-1.0,6,0.0,3.634687208921996
20240612,4939.5,4150.0,1.2246467991473532e-16,2,9408.802185058594,5.0,0.0,0,0.0,1,24,12,0.0,0,0,0.9749279121818236,2,0.0,2024,2,-0.22252093395631434,0,0,0,-1.0,6,0.0,8.505221819635018
20240701,648.3599853515625,543.9999847412109,-0.4999999999999997,3,605.3114304315476,21.0,0.0,0,0.0,1,27,1,0.0,0,1,0.0,41,0.0,2024,0,1.0,0,0,0,-0.8660254037844388,7,0.0,6.475987239894651
20240704,21.0,21.0,-0.4999999999999997,0,21.0,1.0,0.0,4,2.70805020110221,1,27,4,0.6931471805599453,0,1,0.43388373911755823,169,0.0,2024,3,-0.900968867902419,0,0,0,-0.8660254037844388,7,0.0,3.091042453358316
20240730,2489.0,2489.0,-0.4999999999999997,0,2489.0,1.0,0.0,0,0.0,1,31,30,0.0,0,0,0.7818314824680298,124,0.0,2024,1,0.6234898018587336,0,0,0,-0.8660254037844388,7,0.0,7.820037989458753
20240730,886.3599853515625,743.9999847412109,-0.4999999999999997,3,605.3114304315476,21.0,0.0,0,0.0,1,31,30,0.0,0,0,0.7818314824680298,41,0.0,2024,1,0.6234898018587336,0,0,0,-0.8660254037844388,7,0.0,6.788250745919528
20240805,65.0,65.0,-0.8660254037844385,0,65.0,1.0,0.0,31,4.07753744390572,1,32,5,0.6931471805599453,0,1,0.0,319,0.0,2024,0,1.0,83,0,0,-0.5000000000000004,8,0.0,4.189654742026425
20240817,72.0,72.0,-0.8660254037844385,0,72.0,1.0,0.0,30,4.189654742026425,1,33,17,0.6931471805599453,0,0,-0.9749279121818236,229,0.0,2024,5,-0.2225209339563146,36,0,0,-0.5000000000000004,8,0.0,4.290459441148391
20240827,37.0,37.0,-0.8660254037844385,0,37.0,1.0,0.0,29,3.4339872044851463,1,35,27,0.6931471805599453,0,0,0.7818314824680298,98,0.0,2024,1,0.6234898018587336,93,0,0,-0.5000000000000004,8,0.0,3.6375861597263857
20240827,62.0,62.0,-0.8660254037844385,0,62.0,1.0,0.0,13,4.02535169073515,1,35,27,0.6931471805599453,0,0,0.7818314824680298,230,0.0,2024,1,0.6234898018587336,0,0,0,-0.5000000000000004,8,0.0,4.143134726391533
20240906,187.0,187.0,-1.0,0,187.0,1.0,0.0,28,5.198497031265826,0,36,6,0.6931471805599453,0,1,-0.433883739117558,300,0.0,2024,4,-0.9009688679024191,0,0,0,-1.8369701987210297e-16,9,0.0,5.236441962829949
20240906,648.3599853515625,543.9999847412109,-1.0,3,605.3114304315476,21.0,0.0,0,0.0,0,36,6,0.0,0,1,-0.433883739117558,41,0.0,2024,4,-0.9009688679024191,0,0,0,-1.8369701987210297e-16,9,0.0,6.475987239894651
20240910,125.60700225830078,125.60700225830078,-1.0,0,0.0,0.0,0.0,0,0.0,0,37,10,0.0,0,1,0.7818314824680298,0,0.0,2024,1,0.6234898018587336,0,0,0,-1.8369701987210297e-16,9,0.0,4.841087818277692
20240926,55.0,55.0,-1.0,0,55.0,1.0,0.0,27,3.8918202981106265,0,39,26,0.6931471805599453,0,0,0.43388373911755823,170,0.0,2024,3,-0.900968867902419,64,0,0,-1.8369701987210297e-16,9,0.0,4.02535169073515
20240930,667.4000244140625,667.4000244140625,-1.0,3,605.3114304315476,21.0,0.0,0,0.0,0,40,30,0.0,0,0,0.0,41,0.0,2024,0,1.0,0,0,0,-1.8369701987210297e-16,9,0.0,6.5048868332473635
20241012,31.87396049499512,31.87396049499512,-0.8660254037844386,2,148.16243086920844,9.0,0.0,0,0.0,0,41,12,0.0,0,0,-0.9749279121818236,111,0.0,2024,5,-0.2225209339563146,0,0,1,0.5000000000000001,10,0.0,3.4926808700739054
20241025,11.781999588012695,11.781999588012695,-0.8660254037844386,0,0.0,0.0,0.0,0,0.0,0,43,25,0.0,0,0,-0.433883739117558,0,0.0,2024,4,-0.9009688679024191,0,0,1,0.5000000000000001,10,0.0,2.548037898996255
20241025,17.136999130249023,17.136999130249023,-0.8660254037844386,0,0.0,0.0,0.0,0,0.0,0,43,25,0.0,0,0,-0.433883739117558,0,0.0,2024,4,-0.9009688679024191,0,0,1,0.5000000000000001,10,0.0,2.8979540026807733
20241025,17.672500610351562,17.672500610351562,-0.8660254037844386,0,0.0,0.0,0.0,0,0.0,0,43,25,0.0,0,0,-0.433883739117558,0,0.0,2024,4,-0.9009688679024191,0,0,1,0.5000000000000001,10,0.0,2.9270518859362746
20241025,18.74349975585937,18.74349975585937,-0.8660254037844386,0,0.0,0.0,0.0,0,0.0,0,43,25,0.0,0,0,-0.433883739117558,0,0.0,2024,4,-0.9009688679024191,0,0,1,0.5000000000000001,10,0.0,2.9828243108875863
20241107,52.0,52.0,-0.5000000000000004,0,52.0,1.0,0.0,26,2.772588722239781,0,45,7,1.3862943611198906,0,1,0.43388373911755823,93,0.0,2024,3,-0.900968867902419,0,0,1,0.8660254037844384,11,0.0,3.970291913552122
20241107,77.0,77.0,-0.5000000000000004,0,77.0,1.0,0.0,10,4.2626798770413155,0,45,7,0.6931471805599453,0,1,0.43388373911755823,108,0.0,2024,3,-0.900968867902419,41,0,1,0.8660254037844384,11,0.0,4.356708826689592
20241108,695.9600219726562,695.9600219726562,-0.5000000000000004,3,605.3114304315476,21.0,0.0,0,0.0,0,45,8,0.0,0,1,-0.433883739117558,41,0.0,2024,4,-0.9009688679024191,0,0,1,0.8660254037844384,11,0.0,6.546728051830964
20241113,23206.0,19500.0,-0.5000000000000004,0,23206.0,1.0,0.0,0,0.0,0,46,13,0.0,0,0,0.9749279121818236,34,0.0,2024,2,-0.22252093395631434,0,0,1,0.8660254037844384,11,0.0,10.052209236282758
20241123,37.0,37.0,-0.5000000000000004,0,37.0,1.0,0.0,25,3.4339872044851463,0,47,23,0.6931471805599453,0,0,-0.9749279121818236,299,0.0,2024,5,-0.2225209339563146,93,0,1,0.8660254037844384,11,0.0,3.6375861597263857
20241125,77.0,77.0,-0.5000000000000004,0,77.0,1.0,0.0,24,4.2626798770413155,0,48,25,0.6931471805599453,0,0,0.0,261,0.0,2024,0,1.0,41,0,1,0.8660254037844384,11,0.0,4.356708826689592
20241209,648.3599853515625,648.3599853515625,-2.4492935982947064e-16,3,605.3114304315476,21.0,0.0,0,0.0,0,50,9,0.0,0,1,0.0,41,0.0,2024,0,1.0,0,0,1,1.0,12,0.0,6.475987239894651
20241210,35.0,35.0,-2.4492935982947064e-16,0,35.0,1.0,0.0,23,3.367295829986474,0,50,10,0.6931471805599453,0,1,0.7818314824680298,122,0.0,2024,1,0.6234898018587336,99,0,1,1.0,12,0.0,3.58351893845611
20241210,0.0,0.0,-2.4492935982947064e-16,2,148.16243086920844,9.0,0.0,0,0.0,0,50,10,6.07073772800249,0,1,0.7818314824680298,111,0.0,2024,1,0.6234898018587336,0,0,1,1.0,12,0.0,0.0
20241210,31873.9609375,26784.0009765625,-2.4492935982947064e-16,2,9408.802185058594,5.0,0.0,0,0.0,0,50,10,0.0,0,1,0.7818314824680298,2,0.0,2024,1,0.6234898018587336,0,0,1,1.0,12,0.0,10.36957605696978
20241223,37.0,37.0,-2.4492935982947064e-16,0,37.0,1.0,0.0,22,3.4339872044851463,0,52,23,0.6931471805599453,0,0,0.0,154,0.0,2024,0,1.0,93,0,1,1.0,12,0.0,3.6375861597263857
20241224,67.0,67.0,-2.4492935982947064e-16,0,67.0,1.0,0.0,21,3.044522437723423,0,52,24,1.3862943611198906,0,0,0.7818314824680298,138,0.0,2024,1,0.6234898018587336,0,0,1,1.0,12,0.0,4.219507705176107
20241225,59.5009994506836,59.5009994506836,-2.4492935982947064e-16,1,59.5009994506836,2.0,0.0,0,0.0,0,52,25,0.0,0,0,0.9749279121818236,52,0.0,2024,2,-0.22252093395631434,0,0,1,1.0,12,0.0,4.1026598847463545
20241225,37.0,37.0,-2.4492935982947064e-16,0,37.0,1.0,0.0,20,3.4339872044851463,0,52,25,0.6931471805599453,0,0,0.9749279121818236,114,0.0,2024,2,-0.22252093395631434,93,0,1,1.0,12,0.0,3.6375861597263857
20241227,37.0,37.0,-2.4492935982947064e-16,0,37.0,1.0,0.0,19,3.4339872044851463,0,52,27,0.6931471805599453,0,0,-0.433883739117558,68,0.0,2024,4,-0.9009688679024191,93,0,1,1.0,12,0.0,3.6375861597263857
20250102,419.8800048828125,419.8800048828125,0.49999999999999994,3,605.3114304315476,21.0,0.0,0,0.0,0,1,2,0.0,0,1,0.43388373911755823,41,0.0,2025,3,-0.900968867902419,0,0,0,0.8660254037844387,1,0.0,6.042347769023988
20250103,65.0,65.0,0.49999999999999994,0,65.0,1.0,0.0,18,4.07753744390572,0,1,3,0.6931471805599453,0,1,-0.433883739117558,183,0.0,2025,4,-0.9009688679024191,83,0,0,0.8660254037844387,1,0.0,4.189654742026425
20250103,59.5009994506836,59.5009994506836,0.49999999999999994,1,59.5009994506836,2.0,0.0,0,0.0,0,1,3,0.0,0,1,-0.433883739117558,52,0.0,2025,4,-0.9009688679024191,0,0,0,0.8660254037844387,1,0.0,4.1026598847463545
20250106,27.0,27.0,0.49999999999999994,0,27.0,1.0,0.0,17,4.795790545596741,0,2,6,0.6931471805599453,0,1,0.0,194,0.0,2025,0,1.0,0,0,0,0.8660254037844387,1,0.0,3.332204510175204
20250107,229.47999572753903,229.47999572753903,0.49999999999999994,3,294.31727253306997,11.0,0.0,0,0.0,0,2,7,0.0,0,1,0.7818314824680298,6,0.0,2025,1,0.6234898018587336,0,0,0,0.8660254037844387,1,0.0,5.440164072239042
20250111,55.0,55.0,0.49999999999999994,0,55.0,1.0,0.0,16,3.8918202981106265,0,2,11,0.6931471805599453,0,0,-0.9749279121818236,166,0.0,2025,5,-0.2225209339563146,64,0,0,0.8660254037844387,1,0.0,4.02535169073515
20250111,23.20599937438965,23.20599937438965,0.49999999999999994,2,163.6801874372694,9.0,0.0,0,0.0,0,2,11,0.0,0,0,-0.9749279121818236,3,0.0,2025,5,-0.2225209339563146,0,0,0,0.8660254037844387,1,0.0,3.1866005104711523
20250114,37.0,37.0,0.49999999999999994,0,37.0,1.0,0.0,15,3.4339872044851463,0,3,14,0.6931471805599453,0,0,0.7818314824680298,256,0.0,2025,1,0.6234898018587336,93,0,0,0.8660254037844387,1,0.0,3.6375861597263857
20250114,37.0,37.0,0.49999999999999994,0,37.0,1.0,0.0,0,3.4339872044851463,0,3,14,0.6931471805599453,0,0,0.7818314824680298,78,0.0,2025,1,0.6234898018587336,93,0,0,0.8660254037844387,1,0.0,3.6375861597263857
20250116,69.05075073242188,69.05075073242188,0.49999999999999994,3,4723.366632314829,13.0,0.0,0,0.0,0,3,16,0.0,0,0,0.43388373911755823,167,0.0,2025,3,-0.900968867902419,0,0,0,0.8660254037844387,1,0.0,4.249219989819405
20250118,53.0,53.0,0.49999999999999994,0,53.0,1.0,0.0,14,3.8501476017100584,0,3,18,0.6931471805599453,0,0,-0.9749279121818236,283,0.0,2025,5,-0.2225209339563146,52,0,0,0.8660254037844387,1,0.0,3.9889840465642745
20250120,97.0,97.0,0.49999999999999994,0,97.0,1.0,0.0,5,4.51085950651685,0,4,20,0.6931471805599453,0,0,0.0,264,0.0,2025,0,1.0,80,0,0,0.8660254037844387,1,0.0,4.584967478670572
20250124,97.0,97.0,0.49999999999999994,0,97.0,1.0,0.0,12,4.51085950651685,0,4,24,0.6931471805599453,0,0,-0.433883739117558,51,0.0,2025,4,-0.9009688679024191,80,0,0,0.8660254037844387,1,0.0,4.584967478670572
20250124,7.0,7.0,0.49999999999999994,0,7.0,1.0,0.0,13,3.9318256327243257,0,4,24,1.0986122886681098,0,0,-0.433883739117558,277,0.0,2025,4,-0.9009688679024191,45,0,0,0.8660254037844387,1,0.0,2.0794415416798357
20250203,496.0400085449219,496.0400085449219,0.8660254037844386,3,605.3114304315476,21.0,0.0,0,0.0,0,6,3,0.0,0,1,0.0,41,0.0,2025,0,1.0,0,0,0,0.5000000000000001,2,0.0,6.208670522947056
20250203,267.5599975585937,267.5599975585937,0.8660254037844386,3,294.31727253306997,11.0,0.0,0,0.0,0,6,3,0.0,0,1,0.0,6,0.0,2025,0,1.0,0,0,0,0.5000000000000001,2,0.0,5.59307434358105
20250204,38.0,38.0,0.8660254037844386,0,38.0,1.0,0.0,11,3.4339872044851463,0,6,4,0.6931471805599453,0,1,0.7818314824680298,42,0.0,2025,1,0.6234898018587336,93,0,0,0.5000000000000001,2,0.0,3.6635616461296463
20250210,20.715925216674805,20.715925216674805,0.8660254037844386,3,4723.366632314829,13.0,0.0,0,0.0,0,7,10,0.0,0,1,0.0,167,0.0,2025,0,1.0,0,0,0,0.5000000000000001,2,0.0,3.0780458723402226
20250210,98.0,98.0,0.8660254037844386,0,98.0,1.0,0.0,9,4.51085950651685,0,7,10,0.6931471805599453,0,1,0.0,135,0.0,2025,0,1.0,80,0,0,0.5000000000000001,2,0.0,4.59511985013459
20250211,2.611459970474243,2.611459970474243,0.8660254037844386,1,727.7999800841013,3.0,0.0,0,0.0,0,7,11,0.0,0,0,0.7818314824680298,83,0.0,2025,1,0.6234898018587336,0,0,0,0.5000000000000001,2,0.0,1.2841121145415486
20250211,33.0,33.0,0.8660254037844386,0,33.0,1.0,0.0,108,3.258096538021482,0,7,11,0.6931471805599453,0,0,0.7818314824680298,74,0.0,2025,1,0.6234898018587336,87,0,0,0.5000000000000001,2,0.0,3.5263605246161616
20250211,8.0,8.0,0.8660254037844386,0,8.0,1.0,0.0,81,3.9318256327243257,0,7,11,1.0986122886681098,0,0,0.7818314824680298,44,0.0,2025,1,0.6234898018587336,15,0,0,0.5000000000000001,2,0.0,2.1972245773362196
20250212,33.0,33.0,0.8660254037844386,0,33.0,1.0,0.0,6,3.258096538021482,0,7,12,0.6931471805599453,0,0,0.9749279121818236,208,0.0,2025,2,-0.22252093395631434,87,0,0,0.5000000000000001,2,0.0,3.5263605246161616
20250212,58.0,58.0,0.8660254037844386,0,58.0,1.0,0.0,0,3.9318256327243257,0,7,12,0.6931471805599453,0,0,0.9749279121818236,179,0.0,2025,2,-0.22252093395631434,15,0,0,0.5000000000000001,2,0.0,4.07753744390572
20250212,58.0,58.0,0.8660254037844386,1,51.75,2.0,0.0,107,3.9318256327243257,0,7,12,0.6931471805599453,0,0,0.9749279121818236,279,0.0,2025,2,-0.22252093395631434,15,0,0,0.5000000000000001,2,0.0,4.07753744390572
20250213,33.0,33.0,0.8660254037844386,0,33.0,1.0,0.0,0,3.258096538021482,0,7,13,0.6931471805599453,0,0,0.43388373911755823,158,0.0,2025,3,-0.900968867902419,87,0,0,0.5000000000000001,2,0.0,3.5263605246161616
20250213,33.0,33.0,0.8660254037844386,0,33.0,1.0,0.0,35,3.258096538021482,0,7,13,0.6931471805599453,0,0,0.43388373911755823,95,0.0,2025,3,-0.900968867902419,39,0,0,0.5000000000000001,2,0.0,3.5263605246161616
20250213,58.0,58.0,0.8660254037844386,0,58.0,1.0,0.0,99,3.9318256327243257,0,7,13,0.6931471805599453,0,0,0.43388373911755823,4,0.0,2025,3,-0.900968867902419,15,0,0,0.5000000000000001,2,0.0,4.07753744390572
20250213,33.0,33.0,0.8660254037844386,0,33.0,1.0,0.0,14,3.258096538021482,0,7,13,0.6931471805599453,0,0,0.43388373911755823,84,0.0,2025,3,-0.900968867902419,39,0,0,0.5000000000000001,2,0.0,3.5263605246161616
20250213,58.0,58.0,0.8660254037844386,0,58.0,1.0,0.0,19,3.258096538021482,0,7,13,1.0986122886681098,0,0,0.43388373911755823,195,0.0,2025,3,-0.900968867902419,87,0,0,0.5000000000000001,2,0.0,4.07753744390572
20250213,33.0,33.0,0.8660254037844386,0,33.0,1.0,0.0,101,3.258096538021482,0,7,13,0.6931471805599453,0,0,0.43388373911755823,137,0.0,2025,3,-0.900968867902419,24,0,0,0.5000000000000001,2,0.0,3.5263605246161616
20250213,33.0,33.0,0.8660254037844386,0,33.0,1.0,0.0,6,3.258096538021482,0,7,13,0.6931471805599453,0,0,0.43388373911755823,270,0.0,2025,3,-0.900968867902419,24,0,0,0.5000000000000001,2,0.0,3.5263605246161616
20250213,33.0,33.0,0.8660254037844386,0,33.0,1.0,0.0,0,3.258096538021482,0,7,13,0.6931471805599453,0,0,0.43388373911755823,265,0.0,2025,3,-0.900968867902419,87,0,0,0.5000000000000001,2,0.0,3.5263605246161616
20250213,58.0,58.0,0.8660254037844386,0,58.0,1.0,0.0,0,3.9318256327243257,0,7,13,0.6931471805599453,0,0,0.43388373911755823,30,0.0,2025,3,-0.900968867902419,15,0,0,0.5000000000000001,2,0.0,4.07753744390572
20250213,58.0,58.0,0.8660254037844386,0,58.0,1.0,0.0,100,3.9318256327243257,0,7,13,0.6931471805599453,0,0,0.43388373911755823,221,0.0,2025,3,-0.900968867902419,15,0,0,0.5000000000000001,2,0.0,4.07753744390572
20250213,33.0,33.0,0.8660254037844386,0,33.0,1.0,0.0,0,3.258096538021482,0,7,13,0.6931471805599453,0,0,0.43388373911755823,139,0.0,2025,3,-0.900968867902419,87,0,0,0.5000000000000001,2,0.0,3.5263605246161616
20250213,58.0,58.0,0.8660254037844386,0,58.0,1.0,0.0,8,3.9318256327243257,0,7,13,0.6931471805599453,0,0,0.43388373911755823,89,0.0,2025,3,-0.900968867902419,15,0,0,0.5000000000000001,2,0.0,4.07753744390572
20250213,33.0,33.0,0.8660254037844386,0,33.0,1.0,0.0,106,3.258096538021482,0,7,13,0.6931471805599453,0,0,0.43388373911755823,274,0.0,2025,3,-0.900968867902419,87,0,0,0.5000000000000001,2,0.0,3.5263605246161616
20250213,68.0,68.0,0.8660254037844386,0,68.0,1.0,0.0,105,4.110873864173311,0,7,13,0.6931471805599453,0,0,0.43388373911755823,32,0.0,2025,3,-0.900968867902419,0,0,0,0.5000000000000001,2,0.0,4.23410650459726
20250213,33.0,33.0,0.8660254037844386,0,33.0,1.0,0.0,28,3.258096538021482,0,7,13,0.6931471805599453,0,0,0.43388373911755823,63,0.0,2025,3,-0.900968867902419,39,0,0,0.5000000000000001,2,0.0,3.5263605246161616
20250213,33.0,33.0,0.8660254037844386,0,33.0,1.0,0.0,104,3.258096538021482,0,7,13,0.6931471805599453,0,0,0.43388373911755823,188,0.0,2025,3,-0.900968867902419,87,0,0,0.5000000000000001,2,0.0,3.5263605246161616
20250213,33.0,33.0,0.8660254037844386,0,33.0,1.0,0.0,0,3.258096538021482,0,7,13,0.6931471805599453,0,0,0.43388373911755823,12,0.0,2025,3,-0.900968867902419,87,0,0,0.5000000000000001,2,0.0,3.5263605246161616
20250213,58.0,58.0,0.8660254037844386,0,58.0,1.0,0.0,37,3.9318256327243257,0,7,13,0.6931471805599453,0,0,0.43388373911755823,273,0.0,2025,3,-0.900968867902419,15,0,0,0.5000000000000001,2,0.0,4.07753744390572
20250213,33.0,33.0,0.8660254037844386,0,33.0,1.0,0.0,103,3.258096538021482,0,7,13,0.6931471805599453,0,0,0.43388373911755823,282,0.0,2025,3,-0.900968867902419,24,0,0,0.5000000000000001,2,0.0,3.5263605246161616
20250213,58.0,58.0,0.8660254037844386,0,58.0,1.0,0.0,0,3.258096538021482,0,7,13,1.0986122886681098,0,0,0.43388373911755823,182,0.0,2025,3,-0.900968867902419,24,0,0,0.5000000000000001,2,0.0,4.07753744390572
20250213,58.0,58.0,0.8660254037844386,0,58.0,1.0,0.0,102,3.9318256327243257,0,7,13,0.6931471805599453,0,0,0.43388373911755823,185,0.0,2025,3,-0.900968867902419,15,0,0,0.5000000000000001,2,0.0,4.07753744390572
20250213,33.0,33.0,0.8660254037844386,0,33.0,1.0,0.0,6,3.258096538021482,0,7,13,0.6931471805599453,0,0,0.43388373911755823,59,0.0,2025,3,-0.900968867902419,87,0,0,0.5000000000000001,2,0.0,3.5263605246161616
20250214,33.0,33.0,0.8660254037844386,0,33.0,1.0,0.0,98,3.258096538021482,0,7,14,0.6931471805599453,0,0,-0.433883739117558,260,0.0,2025,4,-0.9009688679024191,87,0,0,0.5000000000000001,2,0.0,3.5263605246161616
20250214,33.0,33.0,0.8660254037844386,0,33.0,1.0,0.0,0,3.258096538021482,0,7,14,0.6931471805599453,0,0,-0.433883739117558,121,0.0,2025,4,-0.9009688679024191,87,0,0,0.5000000000000001,2,0.0,3.5263605246161616
20250215,0.0,0.0,0.8660254037844386,0,0.0,1.0,0.0,90,4.532599493153256,0,7,15,0.6931471805599453,0,0,-0.9749279121818236,49,0.0,2025,5,-0.2225209339563146,95,0,0,0.5000000000000001,2,0.0,0.0
20250219,8.0,8.0,0.8660254037844386,0,8.0,1.0,0.0,2,3.044522437723423,0,8,19,0.6931471805599453,0,0,0.9749279121818236,39,0.0,2025,2,-0.22252093395631434,76,0,0,0.5000000000000001,2,0.0,2.1972245773362196
20250219,4.463500022888184,-2.6715002059936523,0.8660254037844386,3,4723.366632314829,13.0,0.0,0,0.0,0,8,19,0.0,0,0,0.9749279121818236,167,0.0,2025,2,-0.22252093395631434,0,0,0,0.5000000000000001,2,0.0,1.6980896142179527
20250221,0.0,0.0,0.8660254037844386,0,0.0,1.0,0.0,49,4.532599493153256,0,8,21,0.6931471805599453,0,0,-0.433883739117558,181,0.0,2025,4,-0.9009688679024191,95,0,0,0.5000000000000001,2,0.0,0.0
20250223,33.0,33.0,0.8660254037844386,0,33.0,1.0,0.0,0,3.258096538021482,0,8,23,0.6931471805599453,0,0,-0.7818314824680299,302,0.0,2025,6,0.6234898018587334,87,0,0,0.5000000000000001,2,0.0,3.5263605246161616
20250224,0.0,0.0,0.8660254037844386,0,0.0,1.0,0.0,28,4.532599493153256,0,9,24,0.6931471805599453,0,0,0.0,244,0.0,2025,0,1.0,26,0,0,0.5000000000000001,2,0.0,0.0
20250226,33.0,33.0,0.8660254037844386,0,33.0,1.0,0.0,97,3.258096538021482,0,9,26,0.6931471805599453,0,0,0.9749279121818236,87,0.0,2025,2,-0.22252093395631434,87,0,0,0.5000000000000001,2,0.0,3.5263605246161616
20250301,258.0,258.0,1.0,0,258.0,1.0,0.0,95,4.867534450455582,0,9,1,1.0986122886681098,0,1,-0.9749279121818236,249,0.0,2025,5,-0.2225209339563146,34,0,0,6.123233995736766e-17,3,0.0,5.556828061699537
20250301,137.0,137.0,1.0,0,137.0,1.0,0.0,96,4.867534450455582,0,9,1,0.6931471805599453,0,1,-0.9749279121818236,8,0.0,2025,5,-0.2225209339563146,34,0,0,6.123233995736766e-17,3,0.0,4.927253685157205
20250301,137.0,137.0,1.0,0,0.0,0.0,0.0,94,4.867534450455582,0,9,1,0.6931471805599453,0,1,-0.9749279121818236,0,0.0,2025,5,-0.2225209339563146,34,0,0,6.123233995736766e-17,3,0.0,4.927253685157205
20250302,72.0,72.0,1.0,0,72.0,1.0,0.0,92,4.174387269895637,0,9,2,0.6931471805599453,1,1,-0.7818314824680299,72,0.0,2025,6,0.6234898018587334,16,3,0,6.123233995736766e-17,3,0.0,4.290459441148391
20250302,172.0,172.0,1.0,0,172.0,1.0,0.0,93,4.465908118654584,0,9,2,1.0986122886681098,0,1,-0.7818314824680299,66,0.0,2025,6,0.6234898018587334,34,0,0,6.123233995736766e-17,3,0.0,5.153291594497779
20250302,628.1300048828125,628.1300048828125,1.0,3,605.3114304315476,21.0,0.0,0,0.0,0,9,2,0.0,0,1,-0.7818314824680299,41,0.0,2025,6,0.6234898018587334,0,0,0,6.123233995736766e-17,3,0.0,6.444337920372352
20250302,191.3999938964844,191.3999938964844,1.0,3,294.31727253306997,11.0,0.0,0,0.0,0,9,2,0.0,0,1,-0.7818314824680299,6,0.0,2025,6,0.6234898018587334,0,0,0,6.123233995736766e-17,3,0.0,5.259576506508552
20250304,305.6400146484375,305.6400146484375,1.0,3,294.31727253306997,11.0,0.0,0,0.0,0,10,4,0.0,0,1,0.7818314824680298,6,0.0,2025,1,0.6234898018587336,0,0,0,6.123233995736766e-17,3,0.0,5.7256744688430965
20250304,45.5,45.5,1.0,1,51.75,2.0,0.0,7,3.6506582412937387,0,10,4,0.6931471805599453,1,1,0.7818314824680298,279,0.0,2025,1,0.6234898018587336,15,2,0,6.123233995736766e-17,3,0.0,3.8394523125933104
20250304,137.0,137.0,1.0,0,137.0,1.0,0.0,33,4.867534450455582,0,10,4,0.6931471805599453,0,1,0.7818314824680298,187,0.0,2025,1,0.6234898018587336,0,0,0,6.123233995736766e-17,3,0.0,4.927253685157205
20250305,13.81095027923584,13.81095027923584,1.0,3,4723.366632314829,13.0,0.0,0,0.0,0,10,5,0.0,0,1,0.9749279121818236,167,0.0,2025,2,-0.22252093395631434,0,0,0,6.123233995736766e-17,3,0.0,2.695366790923188
20250306,2.612454891204834,2.612454891204834,1.0,1,727.7999800841013,3.0,0.0,0,0.0,0,10,6,0.0,0,1,0.43388373911755823,83,0.0,2025,3,-0.900968867902419,0,0,0,6.123233995736766e-17,3,0.0,1.2843875664968751
20250306,258.0,258.0,1.0,0,258.0,1.0,0.0,84,4.867534450455582,0,10,6,1.0986122886681098,0,1,0.43388373911755823,157,0.0,2025,3,-0.900968867902419,56,0,0,6.123233995736766e-17,3,0.0,5.556828061699537
20250306,0.0,0.0,1.0,0,0.0,1.0,0.0,91,4.532599493153256,0,10,6,0.6931471805599453,0,1,0.43388373911755823,317,0.0,2025,3,-0.900968867902419,26,0,0,6.123233995736766e-17,3,0.0,0.0
20250307,137.0,137.0,1.0,0,137.0,1.0,0.0,90,4.867534450455582,0,10,7,0.6931471805599453,0,1,-0.433883739117558,233,0.0,2025,4,-0.9009688679024191,0,0,0,6.123233995736766e-17,3,0.0,4.927253685157205
20250310,14.6899995803833,0.0,1.0,0,14.6899995803833,1.0,0.0,73,4.360675277586671,0,11,10,0.6931471805599453,0,1,0.0,204,0.0,2025,0,1.0,6,0,0,6.123233995736766e-17,3,0.0,2.753023540000728
20250311,0.0,0.0,1.0,3,4723.366632314829,13.0,0.0,0,0.0,0,11,11,4.110873864173311,0,0,0.7818314824680298,167,0.0,2025,1,0.6234898018587336,0,0,0,6.123233995736766e-17,3,0.0,0.0
20250312,0.0,0.0,1.0,0,0.0,0.0,0.0,0,0.0,0,11,12,2.1972245773362196,0,0,0.9749279121818236,0,0.0,2025,2,-0.22252093395631434,0,0,0,6.123233995736766e-17,3,0.0,0.0
20250312,0.0,0.0,1.0,0,0.0,0.0,0.0,0,0.0,0,11,12,2.772588722239781,0,0,0.9749279121818236,0,0.0,2025,2,-0.22252093395631434,0,0,0,6.123233995736766e-17,3,0.0,0.0
20250312,0.0,0.0,1.0,0,0.0,0.0,0.0,0,0.0,0,11,12,2.1972245773362196,0,0,0.9749279121818236,0,0.0,2025,2,-0.22252093395631434,0,0,0,6.123233995736766e-17,3,0.0,0.0
20250313,15.970000267028809,0.0,1.0,0,15.970000267028809,1.0,0.0,89,3.0914969059373636,0,11,13,1.6094379124341003,0,0,0.43388373911755823,38,0.0,2025,3,-0.900968867902419,87,0,0,6.123233995736766e-17,3,0.0,2.83144709498148
20250314,0.0,0.0,1.0,3,4723.366632314829,13.0,0.0,0,0.0,0,11,14,4.584967478670572,0,0,-0.433883739117558,167,0.0,2025,4,-0.9009688679024191,0,0,0,6.123233995736766e-17,3,0.0,0.0
20250315,0.0,0.0,1.0,0,0.0,0.0,0.0,0,0.0,0,11,15,3.6635616461296463,0,0,-0.9749279121818236,0,0.0,2025,5,-0.2225209339563146,0,0,0,6.123233995736766e-17,3,0.0,0.0
20250315,0.0,0.0,1.0,0,0.0,0.0,0.0,0,0.0,0,11,15,2.6390573296152584,0,0,-0.9749279121818236,0,0.0,2025,5,-0.2225209339563146,0,0,0,6.123233995736766e-17,3,0.0,0.0
20250315,0.0,0.0,1.0,0,0.0,0.0,0.0,0,0.0,0,11,15,2.6390573296152584,0,0,-0.9749279121818236,0,0.0,2025,5,-0.2225209339563146,0,0,0,6.123233995736766e-17,3,0.0,0.0
20250317,137.0,137.0,1.0,0,137.0,1.0,0.0,28,4.867534450455582,0,12,17,0.6931471805599453,0,0,0.0,173,0.0,2025,0,1.0,0,0,0,6.123233995736766e-17,3,0.0,4.927253685157205
20250317,0.0,0.0,1.0,3,4723.366632314829,13.0,0.0,0,0.0,0,12,17,3.295836866004329,0,0,0.0,167,0.0,2025,0,1.0,0,0,0,6.123233995736766e-17,3,0.0,0.0
20250318,37.0,37.0,1.0,0,37.0,1.0,0.0,38,4.867534450455582,0,12,18,0.6931471805599453,0,0,0.7818314824680298,180,0.0,2025,1,0.6234898018587336,56,0,0,6.123233995736766e-17,3,0.0,3.6375861597263857
20250321,0.0,0.0,1.0,3,4723.366632314829,13.0,0.0,0,0.0,0,12,21,3.9318256327243257,0,0,-0.433883739117558,167,0.0,2025,4,-0.9009688679024191,0,0,0,6.123233995736766e-17,3,0.0,0.0
20250324,0.0,0.0,1.0,0,0.0,0.0,0.0,0,0.0,0,13,24,0.6931471805599453,0,0,0.0,0,0.0,2025,0,1.0,0,0,0,6.123233995736766e-17,3,0.0,0.0
20250324,0.0,0.0,1.0,0,0.0,0.0,0.0,0,0.0,0,13,24,3.1780538303479458,0,0,0.0,0,0.0,2025,0,1.0,0,0,0,6.123233995736766e-17,3,0.0,0.0
20250324,0.0,0.0,1.0,0,0.0,0.0,0.0,0,0.0,0,13,24,3.2188758248682006,0,0,0.0,0,0.0,2025,0,1.0,0,0,0,6.123233995736766e-17,3,0.0,0.0
20250324,0.0,0.0,1.0,0,0.0,0.0,0.0,0,0.0,0,13,24,1.3862943611198906,0,0,0.0,0,0.0,2025,0,1.0,0,0,0,6.123233995736766e-17,3,0.0,0.0
20250325,0.0,0.0,1.0,0,0.0,0.0,0.0,0,0.0,0,13,25,3.6888794541139363,0,0,0.7818314824680298,0,0.0,2025,1,0.6234898018587336,0,0,0,6.123233995736766e-17,3,0.0,0.0
20250325,45.5,45.5,1.0,0,45.5,1.0,0.0,88,3.6506582412937387,0,13,25,0.6931471805599453,1,0,0.7818314824680298,228,0.0,2025,1,0.6234898018587336,15,2,0,6.123233995736766e-17,3,0.0,3.8394523125933104
20250326,0.0,0.0,1.0,3,4723.366632314829,13.0,0.0,0,0.0,0,13,26,3.713572066704308,0,0,0.9749279121818236,167,0.0,2025,2,-0.22252093395631434,0,0,0,6.123233995736766e-17,3,0.0,0.0
20250326,0.0,0.0,1.0,0,0.0,0.0,0.0,0,0.0,0,13,26,2.833213344056216,0,0,0.9749279121818236,0,0.0,2025,2,-0.22252093395631434,0,0,0,6.123233995736766e-17,3,0.0,0.0
20250326,0.0,0.0,1.0,0,0.0,0.0,0.0,0,0.0,0,13,26,2.6390573296152584,0,0,0.9749279121818236,0,0.0,2025,2,-0.22252093395631434,0,0,0,6.123233995736766e-17,3,0.0,0.0
20250327,0.0,0.0,1.0,0,0.0,0.0,0.0,0,0.0,0,13,27,2.0794415416798357,0,0,0.43388373911755823,0,0.0,2025,3,-0.900968867902419,0,0,0,6.123233995736766e-17,3,0.0,0.0
20250327,34.525875091552734,34.525875091552734,1.0,3,4723.366632314829,13.0,0.0,0,0.0,0,13,27,0.0,0,0,0.43388373911755823,167,0.0,2025,3,-0.900968867902419,0,0,0,6.123233995736766e-17,3,0.0,3.5702613067987814
20250328,0.0,0.0,1.0,0,0.0,0.0,0.0,0,0.0,0,13,28,1.6094379124341003,0,0,-0.433883739117558,0,0.0,2025,4,-0.9009688679024191,0,0,0,6.123233995736766e-17,3,0.0,0.0
20250328,0.0,0.0,1.0,0,0.0,0.0,0.0,0,0.0,0,13,28,3.871201010907891,0,0,-0.433883739117558,0,0.0,2025,4,-0.9009688679024191,0,0,0,6.123233995736766e-17,3,0.0,0.0
20250328,0.0,0.0,1.0,0,0.0,0.0,0.0,0,0.0,0,13,28,3.4011973816621555,0,0,-0.433883739117558,0,0.0,2025,4,-0.9009688679024191,0,0,0,6.123233995736766e-17,3,0.0,0.0
20250328,0.0,0.0,1.0,0,0.0,0.0,0.0,0,0.0,0,13,28,3.4965075614664802,0,0,-0.433883739117558,0,0.0,2025,4,-0.9009688679024191,0,0,0,6.123233995736766e-17,3,0.0,0.0
20250328,0.0,0.0,1.0,0,0.0,0.0,0.0,0,0.0,0,13,28,3.6109179126442243,0,0,-0.433883739117558,0,0.0,2025,4,-0.9009688679024191,0,0,0,6.123233995736766e-17,3,0.0,0.0
20250330,58.0,58.0,1.0,0,58.0,1.0,0.0,31,3.9318256327243257,0,13,30,0.6931471805599453,0,0,-0.7818314824680299,110,0.0,2025,6,0.6234898018587334,0,0,0,6.123233995736766e-17,3,0.0,4.07753744390572
20250331,58.0,58.0,1.0,0,58.0,1.0,0.0,0,3.9318256327243257,0,14,31,0.6931471805599453,0,0,0.0,46,0.0,2025,0,1.0,0,0,0,6.123233995736766e-17,3,0.0,4.07753744390572
20250331,58.0,58.0,1.0,0,58.0,1.0,0.0,0,3.9318256327243257,0,14,31,0.6931471805599453,0,0,0.0,168,0.0,2025,0,1.0,0,0,0,6.123233995736766e-17,3,0.0,4.07753744390572
20250402,0.0,0.0,0.8660254037844387,0,0.0,0.0,0.0,0,0.0,0,14,2,2.0794415416798357,0,1,0.9749279121818236,0,0.0,2025,2,-0.22252093395631434,0,0,0,-0.4999999999999998,4,0.0,0.0
20250402,0.0,0.0,0.8660254037844387,0,0.0,0.0,0.0,0,0.0,0,14,2,1.3862943611198906,0,1,0.9749279121818236,0,0.0,2025,2,-0.22252093395631434,0,0,0,-0.4999999999999998,4,0.0,0.0
20250402,37.0,37.0,0.8660254037844387,0,37.0,1.0,0.0,2,4.867534450455582,0,14,2,0.6931471805599453,0,1,0.9749279121818236,104,0.0,2025,2,-0.22252093395631434,0,0,0,-0.4999999999999998,4,0.0,3.6375861597263857
20250402,0.0,0.0,0.8660254037844387,0,0.0,0.0,0.0,0,0.0,0,14,2,1.6094379124341003,0,1,0.9749279121818236,0,0.0,2025,2,-0.22252093395631434,0,0,0,-0.4999999999999998,4,0.0,0.0
20250402,0.0,0.0,0.8660254037844387,0,0.0,0.0,0.0,0,0.0,0,14,2,3.4965075614664802,0,1,0.9749279121818236,0,0.0,2025,2,-0.22252093395631434,0,0,0,-0.4999999999999998,4,0.0,0.0
20250403,419.8800048828125,419.8800048828125,0.8660254037844387,3,605.3114304315476,21.0,0.0,0,0.0,0,14,3,0.0,0,1,0.43388373911755823,41,0.0,2025,3,-0.900968867902419,0,0,0,-0.4999999999999998,4,0.0,6.042347769023988
20250403,0.0,0.0,0.8660254037844387,3,4723.366632314829,13.0,0.0,0,0.0,0,14,3,1.3862943611198906,0,1,0.43388373911755823,167,0.0,2025,3,-0.900968867902419,0,0,0,-0.4999999999999998,4,0.0,0.0
20250403,0.0,0.0,0.8660254037844387,0,0.0,0.0,0.0,0,0.0,0,14,3,1.791759469228055,0,1,0.43388373911755823,0,0.0,2025,3,-0.900968867902419,0,0,0,-0.4999999999999998,4,0.0,0.0
20250403,58.0,58.0,0.8660254037844387,0,58.0,1.0,0.0,0,3.9318256327243257,0,14,3,0.6931471805599453,0,1,0.43388373911755823,119,0.0,2025,3,-0.900968867902419,0,0,0,-0.4999999999999998,4,0.0,4.07753744390572
20250411,267.9649963378906,267.9649963378906,0.8660254037844387,0,267.9649963378906,1.0,0.0,0,0.0,0,15,11,0.0,0,0,-0.433883739117558,96,0.0,2025,4,-0.9009688679024191,0,0,0,-0.4999999999999998,4,0.0,5.594581245996876
20250411,94.0,94.0,0.8660254037844387,0,94.0,1.0,0.0,2,4.465908118654584,0,15,11,0.6931471805599453,0,0,-0.433883739117558,241,0.0,2025,4,-0.9009688679024191,0,0,0,-0.4999999999999998,4,0.0,4.553876891600541
20250415,73.0,73.0,0.8660254037844387,0,73.0,1.0,0.0,87,4.189654742026425,0,16,15,0.6931471805599453,0,0,0.7818314824680298,128,0.0,2025,1,0.6234898018587336,36,0,0,-0.4999999999999998,4,0.0,4.30406509320417
20250415,0.0,0.0,0.8660254037844387,3,4723.366632314829,13.0,0.0,0,0.0,0,16,15,1.3862943611198906,0,0,0.7818314824680298,167,0.0,2025,1,0.6234898018587336,0,0,0,-0.4999999999999998,4,0.0,0.0
20250417,94.0,94.0,0.8660254037844387,0,94.0,1.0,0.0,86,4.465908118654584,0,16,17,0.6931471805599453,0,0,0.43388373911755823,85,0.0,2025,3,-0.900968867902419,34,0,0,-0.4999999999999998,4,0.0,4.553876891600541
20250422,8.0,8.0,0.8660254037844387,0,8.0,1.0,0.0,6,3.258096538021482,0,17,22,1.6094379124341003,0,0,0.7818314824680298,70,0.0,2025,1,0.6234898018587336,87,0,0,-0.4999999999999998,4,0.0,2.1972245773362196
20250423,0.0,0.0,0.8660254037844387,0,0.0,1.0,0.0,2,4.532599493153256,0,17,23,0.6931471805599453,0,0,0.9749279121818236,61,0.0,2025,2,-0.22252093395631434,6,0,0,-0.4999999999999998,4,0.0,0.0
20250424,98.0,98.0,0.8660254037844387,0,98.0,1.0,0.0,2,4.51085950651685,0,17,24,0.6931471805599453,0,0,0.43388373911755823,91,0.0,2025,3,-0.900968867902419,54,0,0,-0.4999999999999998,4,0.0,4.59511985013459
20250430,686.4400024414062,686.4400024414062,0.8660254037844387,3,605.3114304315476,21.0,0.0,0,0.0,0,18,30,0.0,0,0,0.9749279121818236,41,0.0,2025,2,-0.22252093395631434,0,0,0,-0.4999999999999998,4,0.0,6.532974556556414
20250502,10.253000259399414,10.253000259399414,0.49999999999999994,0,0.0,0.0,0.0,0,0.0,0,18,2,0.0,0,1,-0.433883739117558,0,0.0,2025,4,-0.9009688679024191,0,0,0,-0.8660254037844387,5,0.0,2.4206347828194383
20250508,100.0,100.0,0.49999999999999994,0,100.0,1.0,0.0,2,4.532599493153256,0,19,8,0.6931471805599453,0,1,0.43388373911755823,219,0.0,2025,3,-0.900968867902419,26,0,0,-0.8660254037844387,5,0.0,4.61512051684126
20250509,108.0,108.0,0.49999999999999994,0,108.0,1.0,0.0,0,3.9318256327243257,0,19,9,1.0986122886681098,0,1,-0.433883739117558,248,0.0,2025,4,-0.9009688679024191,0,0,0,-0.8660254037844387,5,0.0,4.6913478822291435
20250509,58.0,58.0,0.49999999999999994,0,58.0,1.0,0.0,0,3.9318256327243257,0,19,9,0.6931471805599453,0,1,-0.433883739117558,296,0.0,2025,4,-0.9009688679024191,0,0,0,-0.8660254037844387,5,0.0,4.07753744390572
20250510,53.0,53.0,0.49999999999999994,0,53.0,1.0,0.0,85,3.828641396489095,0,19,10,0.6931471805599453,0,1,-0.9749279121818236,29,0.0,2025,5,-0.2225209339563146,38,0,0,-0.8660254037844387,5,0.0,3.9889840465642745
20250512,33.0,33.0,0.49999999999999994,1,45.45000076293945,2.0,0.0,5,3.258096538021482,0,20,12,0.6931471805599453,0,0,0.0,26,0.0,2025,0,1.0,87,0,0,-0.8660254037844387,5,0.0,3.5263605246161616
20250513,98.0,98.0,0.49999999999999994,0,98.0,1.0,0.0,84,4.51085950651685,0,20,13,0.6931471805599453,0,0,0.7818314824680298,267,0.0,2025,1,0.6234898018587336,16,0,0,-0.8660254037844387,5,0.0,4.59511985013459
20250514,8.0,8.0,0.49999999999999994,1,53.0,2.0,0.0,2,0.0,0,20,14,0.6931471805599453,1,0,0.9749279121818236,294,0.0,2025,2,-0.22252093395631434,40,4,0,-0.8660254037844387,5,0.0,2.1972245773362196
20250514,37.0,37.0,0.49999999999999994,0,37.0,1.0,0.0,83,3.4011973816621555,0,20,14,0.6931471805599453,1,0,0.9749279121818236,210,0.0,2025,2,-0.22252093395631434,56,4,0,-0.8660254037844387,5,0.0,3.6375861597263857
20250516,58.0,58.0,0.49999999999999994,0,58.0,1.0,0.0,0,3.9318256327243257,0,20,16,0.6931471805599453,0,0,-0.433883739117558,286,0.0,2025,4,-0.9009688679024191,0,0,0,-0.8660254037844387,5,0.0,4.07753744390572
20250516,58.0,58.0,0.49999999999999994,0,58.0,1.0,0.0,0,3.9318256327243257,0,20,16,0.6931471805599453,0,0,-0.433883739117558,292,0.0,2025,4,-0.9009688679024191,0,0,0,-0.8660254037844387,5,0.0,4.07753744390572
20250518,98.0,98.0,0.49999999999999994,0,98.0,1.0,0.0,16,4.51085950651685,0,20,18,0.6931471805599453,0,0,-0.7818314824680299,222,0.0,2025,6,0.6234898018587334,0,0,0,-0.8660254037844387,5,0.0,4.59511985013459
20250519,399.0,399.0,0.49999999999999994,1,272.0,2.0,0.0,0,5.991464547107982,0,21,19,0.6931471805599453,0,0,0.0,36,0.0,2025,0,1.0,0,0,0,-0.8660254037844387,5,0.0,5.991464547107982
20250519,28.0,28.0,0.49999999999999994,0,28.0,1.0,0.0,2,4.795790545596741,0,21,19,0.6931471805599453,0,0,0.0,202,0.0,2025,0,1.0,69,0,0,-0.8660254037844387,5,0.0,3.367295829986474
20250519,58.0,58.0,0.49999999999999994,1,48.0,2.0,0.0,80,3.258096538021482,0,21,19,1.0986122886681098,0,0,0.0,120,0.0,2025,0,1.0,87,0,0,-0.8660254037844387,5,0.0,4.07753744390572
20250521,145.0,145.0,0.49999999999999994,1,272.0,2.0,0.0,0,4.983606621708336,0,21,21,0.6931471805599453,0,0,0.9749279121818236,36,0.0,2025,2,-0.22252093395631434,0,0,0,-0.8660254037844387,5,0.0,4.983606621708336
20250522,28.0,28.0,0.49999999999999994,0,28.0,1.0,0.0,2,4.795790545596741,0,21,22,0.6931471805599453,0,0,0.43388373911755823,272,0.0,2025,3,-0.900968867902419,0,0,0,-0.8660254037844387,5,0.0,3.367295829986474
20250523,33.0,33.0,0.49999999999999994,0,33.0,1.0,0.0,0,3.258096538021482,0,21,23,0.6931471805599453,0,0,-0.433883739117558,127,0.0,2025,4,-0.9009688679024191,87,0,0,-0.8660254037844387,5,0.0,3.5263605246161616
20250523,33.0,33.0,0.49999999999999994,0,33.0,1.0,0.0,0,3.258096538021482,0,21,23,0.6931471805599453,0,0,-0.433883739117558,284,0.0,2025,4,-0.9009688679024191,87,0,0,-0.8660254037844387,5,0.0,3.5263605246161616
20250525,98.0,98.0,0.49999999999999994,0,98.0,1.0,0.0,80,4.51085950651685,0,21,25,0.6931471805599453,0,0,-0.7818314824680299,155,0.0,2025,6,0.6234898018587334,110,0,0,-0.8660254037844387,5,0.0,4.59511985013459
20250529,57.900001525878906,57.900001525878906,0.49999999999999994,1,45.45000076293945,2.0,0.0,5,3.9298629535344514,0,22,29,0.6931471805599453,0,0,0.43388373911755823,26,0.0,2025,3,-0.900968867902419,41,0,0,-0.8660254037844387,5,0.0,4.0758411165638035
20250529,329.44000244140625,329.44000244140625,0.49999999999999994,3,605.3114304315476,21.0,0.0,0,0.0,0,22,29,0.0,0,0,0.43388373911755823,41,0.0,2025,3,-0.900968867902419,0,0,0,-0.8660254037844387,5,0.0,5.8004251070826545
20250530,57.900001525878906,57.900001525878906,0.49999999999999994,0,57.900001525878906,1.0,0.0,8,3.9298629535344514,0,22,30,0.6931471805599453,0,0,-0.433883739117558,236,0.0,2025,4,-0.9009688679024191,41,0,0,-0.8660254037844387,5,0.0,4.0758411165638035
20250530,0.0,0.0,0.49999999999999994,0,0.0,1.0,0.0,8,4.532599493153256,0,22,30,0.6931471805599453,0,0,-0.433883739117558,259,0.0,2025,4,-0.9009688679024191,95,0,0,-0.8660254037844387,5,0.0,0.0
20250601,191.3999938964844,191.3999938964844,1.2246467991473532e-16,3,294.31727253306997,11.0,0.0,0,0.0,1,22,1,0.0,0,1,-0.7818314824680299,6,0.0,2025,6,0.6234898018587334,0,0,0,-1.0,6,0.0,5.259576506508552
20250602,38.0,38.0,1.2246467991473532e-16,0,38.0,1.0,0.0,23,3.4339872044851463,1,23,2,0.6931471805599453,0,1,0.0,190,0.0,2025,0,1.0,93,0,0,-1.0,6,0.0,3.6635616461296463
20250603,0.0,0.0,1.2246467991473532e-16,0,0.0,1.0,0.0,2,4.532599493153256,1,23,3,0.6931471805599453,0,1,0.7818314824680298,27,0.0,2025,1,0.6234898018587336,26,0,0,-1.0,6,0.0,0.0
20250605,98.0,98.0,1.2246467991473532e-16,0,98.0,1.0,0.0,82,4.51085950651685,1,23,5,0.6931471805599453,0,1,0.43388373911755823,145,0.0,2025,3,-0.900968867902419,80,0,0,-1.0,6,0.0,4.59511985013459
20250605,37.0,37.0,1.2246467991473532e-16,0,37.0,1.0,0.0,57,4.867534450455582,1,23,5,0.6931471805599453,0,1,0.43388373911755823,76,0.0,2025,3,-0.900968867902419,56,0,0,-1.0,6,0.0,3.6375861597263857
20250607,8.0,8.0,1.2246467991473532e-16,0,8.0,1.0,0.0,81,3.258096538021482,1,23,7,1.6094379124341003,0,1,-0.9749279121818236,82,0.0,2025,5,-0.2225209339563146,87,0,0,-1.0,6,0.0,2.1972245773362196
20250611,38.0,38.0,1.2246467991473532e-16,0,38.0,1.0,0.0,49,3.4339872044851463,1,24,11,0.6931471805599453,0,0,0.9749279121818236,289,0.0,2025,2,-0.22252093395631434,93,0,0,-1.0,6,0.0,3.6635616461296463
20250611,98.0,98.0,1.2246467991473532e-16,0,98.0,1.0,0.0,2,4.51085950651685,1,24,11,0.6931471805599453,0,0,0.9749279121818236,28,0.0,2025,2,-0.22252093395631434,0,0,0,-1.0,6,0.0,4.59511985013459
20250611,94.0,94.0,1.2246467991473532e-16,0,94.0,1.0,0.0,2,4.465908118654584,1,24,11,0.6931471805599453,0,0,0.9749279121818236,218,0.0,2025,2,-0.22252093395631434,34,0,0,-1.0,6,0.0,4.553876891600541
20250612,98.0,98.0,1.2246467991473532e-16,0,98.0,1.0,0.0,2,4.51085950651685,1,24,12,0.6931471805599453,0,0,0.43388373911755823,75,0.0,2025,3,-0.900968867902419,0,0,0,-1.0,6,0.0,4.59511985013459
20250612,10.0,10.0,1.2246467991473532e-16,0,10.0,1.0,0.0,13,3.5553480614894135,1,24,12,1.3862943611198906,0,0,0.43388373911755823,247,0.0,2025,3,-0.900968867902419,57,0,0,-1.0,6,0.0,2.3978952727983707
20250612,94.0,94.0,1.2246467991473532e-16,0,94.0,1.0,0.0,3,4.465908118654584,1,24,12,0.6931471805599453,0,0,0.43388373911755823,105,0.0,2025,3,-0.900968867902419,56,0,0,-1.0,6,0.0,4.553876891600541
20250613,58.0,58.0,1.2246467991473532e-16,0,58.0,1.0,0.0,0,3.9318256327243257,1,24,13,0.6931471805599453,0,0,-0.433883739117558,149,0.0,2025,4,-0.9009688679024191,0,0,0,-1.0,6,0.0,4.07753744390572
20250616,8.0,8.0,1.2246467991473532e-16,0,8.0,1.0,0.0,2,3.258096538021482,1,25,16,1.6094379124341003,0,0,0.0,178,0.0,2025,0,1.0,39,0,0,-1.0,6,0.0,2.1972245773362196
20250625,58.0,58.0,1.2246467991473532e-16,0,58.0,1.0,0.0,37,3.9318256327243257,1,26,25,0.6931471805599453,0,0,0.9749279121818236,193,0.0,2025,2,-0.22252093395631434,0,0,0,-1.0,6,0.0,4.07753744390572
20250701,28.0,28.0,-0.4999999999999997,0,28.0,1.0,0.0,5,4.795790545596741,1,27,1,0.6931471805599453,0,1,0.7818314824680298,113,0.0,2025,1,0.6234898018587336,0,0,0,-0.8660254037844388,7,0.0,3.367295829986474
20250701,457.9599914550781,457.9599914550781,-0.4999999999999997,3,605.3114304315476,21.0,0.0,0,0.0,1,27,1,0.0,0,1,0.7818314824680298,41,0.0,2025,1,0.6234898018587336,0,0,0,-0.8660254037844388,7,0.0,6.128963041675606
20250704,98.0,98.0,-0.4999999999999997,0,98.0,1.0,0.0,80,4.51085950651685,1,27,4,0.6931471805599453,0,1,-0.433883739117558,238,0.0,2025,4,-0.9009688679024191,80,0,0,-0.8660254037844388,7,0.0,4.59511985013459
20250708,38.0,38.0,-0.4999999999999997,0,38.0,1.0,0.0,2,3.4339872044851463,1,28,8,0.6931471805599453,0,1,0.7818314824680298,77,0.0,2025,1,0.6234898018587336,93,0,0,-0.8660254037844388,7,0.0,3.6635616461296463
20250708,38.0,38.0,-0.4999999999999997,0,38.0,1.0,0.0,79,3.4339872044851463,1,28,8,0.6931471805599453,0,1,0.7818314824680298,86,0.0,2025,1,0.6234898018587336,93,0,0,-0.8660254037844388,7,0.0,3.6635616461296463
20250711,24.352859497070312,24.352859497070312,-0.4999999999999997,2,163.6801874372694,9.0,0.0,0,0.0,1,28,11,0.0,0,0,-0.433883739117558,3,0.0,2025,4,-0.9009688679024191,0,0,0,-0.8660254037844388,7,0.0,3.2328915243490597
20250712,94.0,94.0,-0.4999999999999997,0,94.0,1.0,0.0,78,4.465908118654584,1,28,12,0.6931471805599453,0,0,-0.9749279121818236,81,0.0,2025,5,-0.2225209339563146,34,0,0,-0.8660254037844388,7,0.0,4.553876891600541
20250714,108.0,108.0,-0.4999999999999997,0,108.0,1.0,0.0,77,3.9318256327243257,1,29,14,1.0986122886681098,0,0,0.0,102,0.0,2025,0,1.0,0,0,0,-0.8660254037844388,7,0.0,4.6913478822291435
20250714,38.0,38.0,-0.4999999999999997,1,38.0,2.0,0.0,72,3.4339872044851463,1,29,14,0.6931471805599453,0,0,0.0,150,0.0,2025,0,1.0,93,0,0,-0.8660254037844388,7,0.0,3.6635616461296463
20250715,92.0,92.0,-0.4999999999999997,0,92.0,1.0,0.0,75,4.442651256490317,1,29,15,0.6931471805599453,0,0,0.7818314824680298,143,0.0,2025,1,0.6234898018587336,68,0,0,-0.8660254037844388,7,0.0,4.532599493153256
20250715,98.0,98.0,-0.4999999999999997,0,98.0,1.0,0.0,76,4.51085950651685,1,29,15,0.6931471805599453,0,0,0.7818314824680298,22,0.0,2025,1,0.6234898018587336,110,0,0,-0.8660254037844388,7,0.0,4.59511985013459
20250715,73.0,73.0,-0.4999999999999997,0,73.0,1.0,0.0,2,4.189654742026425,1,29,15,0.6931471805599453,0,0,0.7818314824680298,212,0.0,2025,1,0.6234898018587336,36,0,0,-0.8660254037844388,7,0.0,4.30406509320417
20250718,94.0,94.0,-0.4999999999999997,0,94.0,1.0,0.0,3,4.465908118654584,1,29,18,0.6931471805599453,0,0,-0.433883739117558,146,0.0,2025,4,-0.9009688679024191,34,0,0,-0.8660254037844388,7,0.0,4.553876891600541
20250801,8.0,8.0,-0.8660254037844385,0,8.0,1.0,0.0,3,4.61512051684126,1,31,1,0.6931471805599453,0,1,-0.433883739117558,161,0.0,2025,4,-0.9009688679024191,56,0,0,-0.5000000000000004,8,0.0,2.1972245773362196
20250804,98.0,98.0,-0.8660254037844385,0,98.0,1.0,0.0,73,4.51085950651685,1,32,4,0.6931471805599453,0,1,0.0,226,0.0,2025,0,1.0,16,0,0,-0.5000000000000004,8,0.0,4.59511985013459
20250804,92.0,92.0,-0.8660254037844385,0,92.0,1.0,0.0,74,4.442651256490317,1,32,4,0.6931471805599453,0,1,0.0,25,0.0,2025,0,1.0,68,0,0,-0.5000000000000004,8,0.0,4.532599493153256
20250804,98.0,98.0,-0.8660254037844385,0,98.0,1.0,0.0,5,4.51085950651685,1,32,4,0.6931471805599453,0,1,0.0,209,0.0,2025,0,1.0,54,0,0,-0.5000000000000004,8,0.0,4.59511985013459
20250804,298.5,250.0,-0.8660254037844385,2,148.16243086920844,9.0,0.0,0,0.0,1,32,4,0.0,0,1,0.0,111,0.0,2025,0,1.0,0,0,0,-0.5000000000000004,8,0.0,5.702114417555504
20250806,0.0,0.0,-0.8660254037844385,0,0.0,1.0,0.0,5,4.532599493153256,1,32,6,0.6931471805599453,0,1,0.9749279121818236,117,0.0,2025,2,-0.22252093395631434,95,0,0,-0.5000000000000004,8,0.0,0.0
20250807,57.900001525878906,57.900001525878906,-0.8660254037844385,0,57.900001525878906,1.0,0.0,64,3.9298629535344514,1,32,7,0.6931471805599453,0,1,0.43388373911755823,310,0.0,2025,3,-0.900968867902419,41,0,0,-0.5000000000000004,8,0.0,4.0758411165638035
20250809,0.0,0.0,-0.8660254037844385,0,0.0,1.0,0.0,2,4.532599493153256,1,32,9,0.6931471805599453,0,1,-0.9749279121818236,205,0.0,2025,5,-0.2225209339563146,112,0,0,-0.5000000000000004,8,0.0,0.0
20250809,150.0,150.0,-0.8660254037844385,0,150.0,1.0,0.0,68,5.017279836814924,1,32,9,0.6931471805599453,0,1,-0.9749279121818236,80,0.0,2025,5,-0.2225209339563146,0,0,0,-0.5000000000000004,8,0.0,5.017279836814924
20250810,1.0,1.0,-0.8660254037844385,0,1.0,1.0,0.0,67,3.258096538021482,1,32,10,0.6931471805599453,0,1,-0.7818314824680299,304,0.0,2025,6,0.6234898018587334,24,0,0,-0.5000000000000004,8,0.0,0.6931471805599453
20250811,119.0,119.0,-0.8660254037844385,1,73.5,2.0,0.0,2,5.393627546352362,1,33,11,0.6931471805599453,0,0,0.0,297,0.0,2025,0,1.0,0,0,0,-0.5000000000000004,8,0.0,4.787491742782046
20250811,8.0,8.0,-0.8660254037844385,0,8.0,1.0,0.0,66,4.61512051684126,1,33,11,0.6931471805599453,0,0,0.0,50,0.0,2025,0,1.0,56,0,0,-0.5000000000000004,8,0.0,2.1972245773362196
20250813,57.900001525878906,57.900001525878906,-0.8660254037844385,0,57.900001525878906,1.0,0.0,65,3.9298629535344514,1,33,13,0.6931471805599453,0,0,0.9749279121818236,268,0.0,2025,2,-0.22252093395631434,41,0,0,-0.5000000000000004,8,0.0,4.0758411165638035
20250816,107.8000030517578,107.8000030517578,-0.8660254037844385,0,107.8000030517578,1.0,0.0,64,3.9298629535344514,1,33,16,1.0986122886681098,0,0,-0.9749279121818236,164,0.0,2025,5,-0.2225209339563146,41,0,0,-0.5000000000000004,8,0.0,4.6895113624710865
20250819,381.7999877929688,381.7999877929688,-0.8660254037844385,3,605.3114304315476,21.0,0.0,0,0.0,1,34,19,0.0,0,0,0.7818314824680298,41,0.0,2025,1,0.6234898018587336,0,0,0,-0.5000000000000004,8,0.0,5.947512627690003
20250820,108.0,108.0,-0.8660254037844385,0,108.0,1.0,0.0,55,4.61512051684126,1,34,20,0.6931471805599453,0,0,0.9749279121818236,311,0.0,2025,2,-0.22252093395631434,56,0,0,-0.5000000000000004,8,0.0,4.6913478822291435
20250820,108.0,108.0,-0.8660254037844385,0,108.0,1.0,0.0,63,4.61512051684126,1,34,20,0.6931471805599453,0,0,0.9749279121818236,315,0.0,2025,2,-0.22252093395631434,56,0,0,-0.5000000000000004,8,0.0,4.6913478822291435
20250820,98.0,98.0,-0.8660254037844385,0,98.0,1.0,0.0,62,4.51085950651685,1,34,20,0.6931471805599453,0,0,0.9749279121818236,40,0.0,2025,2,-0.22252093395631434,54,0,0,-0.5000000000000004,8,0.0,4.59511985013459
20250820,108.0,108.0,-0.8660254037844385,1,108.0,2.0,0.0,58,3.9318256327243257,1,34,20,1.0986122886681098,0,0,0.9749279121818236,309,0.0,2025,2,-0.22252093395631434,0,0,0,-0.5000000000000004,8,0.0,4.6913478822291435
20250821,93.0,93.0,-0.8660254037844385,0,93.0,1.0,0.0,61,4.454347296253507,1,34,21,0.6931471805599453,0,0,0.43388373911755823,176,0.0,2025,3,-0.900968867902419,58,0,0,-0.5000000000000004,8,0.0,4.543294782270004
20250821,8.0,8.0,-0.8660254037844385,0,8.0,1.0,0.0,31,4.61512051684126,1,34,21,0.6931471805599453,0,0,0.43388373911755823,1,0.0,2025,3,-0.900968867902419,56,0,0,-0.5000000000000004,8,0.0,2.1972245773362196
20250821,8.0,8.0,-0.8660254037844385,0,8.0,1.0,0.0,50,4.61512051684126,1,34,21,0.6931471805599453,0,0,0.43388373911755823,24,0.0,2025,3,-0.900968867902419,56,0,0,-0.5000000000000004,8,0.0,2.1972245773362196
20250822,98.0,98.0,-0.8660254037844385,0,98.0,1.0,0.0,55,4.51085950651685,1,34,22,0.6931471805599453,0,0,-0.433883739117558,269,0.0,2025,4,-0.9009688679024191,16,0,0,-0.5000000000000004,8,0.0,4.59511985013459
20250825,102.0,102.0,-0.8660254037844385,0,102.0,1.0,0.0,4,4.61512051684126,1,35,25,0.6931471805599453,0,0,0.0,73,0.0,2025,0,1.0,56,0,0,-0.5000000000000004,8,0.0,4.634728988229636
20250826,17.0,17.0,-0.8660254037844385,0,17.0,1.0,0.0,2,4.700480365792417,1,35,26,0.6931471805599453,0,0,0.7818314824680298,197,0.0,2025,1,0.6234898018587336,0,0,0,-0.5000000000000004,8,0.0,2.8903717578961645
20250826,104.0,104.0,-0.8660254037844385,0,104.0,1.0,0.0,60,3.8918202981106265,1,35,26,1.0986122886681098,0,0,0.7818314824680298,99,0.0,2025,1,0.6234898018587336,64,0,0,-0.5000000000000004,8,0.0,4.653960350157523
20250829,27.0,27.0,-0.8660254037844385,0,27.0,1.0,0.0,2,4.787491742782046,1,35,29,0.6931471805599453,0,0,-0.433883739117558,257,0.0,2025,4,-0.9009688679024191,0,0,0,-0.5000000000000004,8,0.0,3.332204510175204
20250829,27.0,27.0,-0.8660254037844385,0,27.0,1.0,0.0,2,4.787491742782046,1,35,29,0.6931471805599453,0,0,-0.433883739117558,101,0.0,2025,4,-0.9009688679024191,0,0,0,-0.5000000000000004,8,0.0,3.332204510175204
20250830,27.0,27.0,-0.8660254037844385,0,27.0,1.0,0.0,2,4.787491742782046,1,35,30,0.6931471805599453,0,0,-0.9749279121818236,48,0.0,2025,5,-0.2225209339563146,0,0,0,-0.5000000000000004,8,0.0,3.332204510175204
20250831,92.0,92.0,-0.8660254037844385,0,92.0,1.0,0.0,59,4.442651256490317,1,35,31,0.6931471805599453,0,0,-0.7818314824680299,298,0.0,2025,6,0.6234898018587334,68,0,0,-0.5000000000000004,8,0.0,4.532599493153256
20250831,48.0,48.0,-0.8660254037844385,0,48.0,1.0,0.0,23,3.044522437723423,1,35,31,1.0986122886681098,0,0,-0.7818314824680299,291,0.0,2025,6,0.6234898018587334,0,0,0,-0.5000000000000004,8,0.0,3.8918202981106265
20250831,8.0,8.0,-0.8660254037844385,0,8.0,1.0,0.0,42,4.61512051684126,1,35,31,0.6931471805599453,0,0,-0.7818314824680299,79,0.0,2025,6,0.6234898018587334,56,0,0,-0.5000000000000004,8,0.0,2.1972245773362196
20250901,28.0,28.0,-1.0,1,73.5,2.0,0.0,2,4.795790545596741,0,36,1,0.6931471805599453,0,1,0.0,297,0.0,2025,0,1.0,0,0,0,-1.8369701987210297e-16,9,0.0,3.367295829986474
20250907,108.0,108.0,-1.0,1,108.0,2.0,0.0,58,3.9318256327243257,0,36,7,1.0986122886681098,0,1,-0.7818314824680299,309,0.0,2025,6,0.6234898018587334,0,0,0,-1.8369701987210297e-16,9,0.0,4.6913478822291435
20250909,1.0,1.0,-1.0,0,1.0,1.0,0.0,42,3.044522437723423,0,37,9,0.6931471805599453,0,1,0.7818314824680298,227,0.0,2025,1,0.6234898018587336,0,0,0,-1.8369701987210297e-16,9,0.0,0.6931471805599453
20250910,98.0,98.0,-1.0,1,53.0,2.0,0.0,2,4.51085950651685,0,37,10,0.6931471805599453,0,1,0.9749279121818236,294,0.0,2025,2,-0.22252093395631434,103,0,0,-1.8369701987210297e-16,9,0.0,4.59511985013459
20250911,576.9600219726562,576.9600219726562,-1.0,3,605.3114304315476,21.0,0.0,0,0.0,0,37,11,0.0,0,0,0.43388373911755823,41,0.0,2025,3,-0.900968867902419,0,0,0,-1.8369701987210297e-16,9,0.0,6.359504700143017
20250913,73.0,73.0,-1.0,0,73.0,1.0,0.0,33,4.189654742026425,0,37,13,0.6931471805599453,0,0,-0.9749279121818236,216,0.0,2025,5,-0.2225209339563146,36,0,0,-1.8369701987210297e-16,9,0.0,4.30406509320417
20250919,27.0,27.0,-1.0,0,27.0,1.0,0.0,2,4.787491742782046,0,38,19,0.6931471805599453,0,0,-0.433883739117558,196,0.0,2025,4,-0.9009688679024191,0,0,0,-1.8369701987210297e-16,9,0.0,3.332204510175204
20250922,98.0,98.0,-1.0,0,98.0,1.0,0.0,2,4.51085950651685,0,39,22,0.6931471805599453,0,0,0.0,225,0.0,2025,0,1.0,103,0,0,-1.8369701987210297e-16,9,0.0,4.59511985013459
20250923,27.0,27.0,-1.0,0,27.0,1.0,0.0,57,4.787491742782046,0,39,23,0.6931471805599453,0,0,0.7818314824680298,240,0.0,2025,1,0.6234898018587336,0,0,0,-1.8369701987210297e-16,9,0.0,3.332204510175204
20250924,98.0,98.0,-1.0,0,98.0,1.0,0.0,56,4.51085950651685,0,39,24,0.6931471805599453,0,0,0.9749279121818236,175,0.0,2025,2,-0.22252093395631434,54,0,0,-1.8369701987210297e-16,9,0.0,4.59511985013459
20250925,38.0,38.0,-1.0,1,48.0,2.0,0.0,55,3.4339872044851463,0,39,25,0.6931471805599453,0,0,0.43388373911755823,120,0.0,2025,3,-0.900968867902419,0,0,0,-1.8369701987210297e-16,9,0.0,3.6635616461296463
20250930,98.0,98.0,-1.0,0,98.0,1.0,0.0,2,4.51085950651685,0,40,30,0.6931471805599453,0,0,0.7818314824680298,45,0.0,2025,1,0.6234898018587336,103,0,0,-1.8369701987210297e-16,9,0.0,4.59511985013459
20251002,3.927999973297119,3.927999973297119,-0.8660254037844386,0,0.0,0.0,0.0,0,0.0,0,40,2,0.0,0,1,0.43388373911755823,0,0.0,2025,3,-0.900968867902419,0,0,1,0.5000000000000001,10,0.0,1.5949332208126146
20251003,56.0,56.0,-0.8660254037844386,0,56.0,1.0,0.0,54,3.8918202981106265,0,40,3,0.6931471805599453,0,1,-0.433883739117558,189,0.0,2025,4,-0.9009688679024191,64,0,1,0.5000000000000001,10,0.0,4.04305126783455
20251007,98.0,98.0,-0.8660254037844386,0,98.0,1.0,0.0,53,4.51085950651685,0,41,7,0.6931471805599453,0,1,0.7818314824680298,140,0.0,2025,1,0.6234898018587336,54,0,1,0.5000000000000001,10,0.0,4.59511985013459
20251012,471.0,471.0,-0.8660254037844386,1,235.5,2.0,0.0,0,0.0,0,41,12,0.0,0,0,-0.7818314824680299,253,0.0,2025,6,0.6234898018587334,0,0,1,0.5000000000000001,10,0.0,6.156978985585555
20251013,28.0,28.0,-0.8660254037844386,0,28.0,1.0,0.0,24,4.795790545596741,0,42,13,0.6931471805599453,0,0,0.0,116,0.0,2025,0,1.0,0,0,1,0.5000000000000001,10,0.0,3.367295829986474
20251014,88.0,88.0,-0.8660254037844386,0,88.0,1.0,0.0,5,3.044522437723423,0,42,14,1.6094379124341003,0,0,0.7818314824680298,223,0.0,2025,1,0.6234898018587336,0,0,1,0.5000000000000001,10,0.0,4.48863636973214
20251014,267.5599975585937,267.5599975585937,-0.8660254037844386,3,605.3114304315476,21.0,0.0,0,0.0,0,42,14,0.0,0,0,0.7818314824680298,41,0.0,2025,1,0.6234898018587336,0,0,1,0.5000000000000001,10,0.0,5.59307434358105
20251016,9.97914981842041,8.384999871253967,-0.8660254037844386,2,4.369289970397949,5.0,0.0,0,0.0,0,42,16,0.0,0,0,0.43388373911755823,213,0.0,2025,3,-0.900968867902419,0,0,1,0.5000000000000001,10,0.0,2.39599800306717
20251020,98.0,98.0,-0.8660254037844386,0,98.0,1.0,0.0,2,4.51085950651685,0,43,20,0.6931471805599453,0,0,0.0,308,0.0,2025,0,1.0,103,0,1,0.5000000000000001,10,0.0,4.59511985013459
20251020,98.0,98.0,-0.8660254037844386,0,98.0,1.0,0.0,52,4.51085950651685,0,43,20,0.6931471805599453,0,0,0.0,131,0.0,2025,0,1.0,54,0,1,0.5000000000000001,10,0.0,4.59511985013459
20251022,33.0,33.0,-0.8660254037844386,0,0.0,0.0,0.0,51,3.258096538021482,0,43,22,0.6931471805599453,0,0,0.9749279121818236,0,0.0,2025,2,-0.22252093395631434,0,0,1,0.5000000000000001,10,0.0,3.5263605246161616
20251023,7.063650131225586,5.93500018119812,-0.8660254037844386,2,4.369289970397949,5.0,0.0,0,0.0,0,43,23,0.0,0,0,0.43388373911755823,213,0.0,2025,3,-0.900968867902419,0,0,1,0.5000000000000001,10,0.0,2.0873663238830273
20251025,8.0,8.0,-0.8660254037844386,0,8.0,1.0,0.0,16,3.9318256327243257,0,43,25,1.0986122886681098,0,0,-0.9749279121818236,246,0.0,2025,5,-0.2225209339563146,0,0,1,0.5000000000000001,10,0.0,2.1972245773362196
20251028,27.0,27.0,-0.8660254037844386,0,27.0,1.0,0.0,2,4.787491742782046,0,44,28,0.6931471805599453,0,0,0.7818314824680298,129,0.0,2025,1,0.6234898018587336,0,0,1,0.5000000000000001,10,0.0,3.332204510175204
20251029,88.0,88.0,-0.8660254037844386,0,88.0,1.0,0.0,49,4.394449154672439,0,44,29,0.6931471805599453,0,0,0.9749279121818236,162,0.0,2025,2,-0.22252093395631434,95,0,1,0.5000000000000001,10,0.0,4.48863636973214
20251030,98.0,98.0,-0.8660254037844386,0,98.0,1.0,0.0,49,4.51085950651685,0,44,30,0.6931471805599453,0,0,0.43388373911755823,312,0.0,2025,3,-0.900968867902419,0,0,1,0.5000000000000001,10,0.0,4.59511985013459
20251030,27.0,27.0,-0.8660254037844386,0,27.0,1.0,0.0,50,4.787491742782046,0,44,30,0.6931471805599453,0,0,0.43388373911755823,141,0.0,2025,3,-0.900968867902419,0,0,1,0.5000000000000001,10,0.0,3.332204510175204
20251031,98.0,98.0,-0.8660254037844386,0,98.0,1.0,0.0,3,4.51085950651685,0,44,31,0.6931471805599453,0,0,-0.433883739117558,5,0.0,2025,4,-0.9009688679024191,103,0,1,0.5000000000000001,10,0.0,4.59511985013459
20251102,66.0,66.0,-0.5000000000000004,0,66.0,1.0,0.0,48,4.07753744390572,0,44,2,0.6931471805599453,0,1,-0.7818314824680299,54,0.0,2025,6,0.6234898018587334,83,0,1,0.8660254037844384,11,0.0,4.204692619390966
20251103,8.896249771118164,7.474999785423279,-0.5000000000000004,2,123.67465000152588,5.0,0.0,0,0.0,0,45,3,0.0,0,1,0.0,53,0.0,2025,0,1.0,0,0,1,0.8660254037844384,11,0.0,2.2921558743753683
20251104,98.0,98.0,-0.5000000000000004,0,98.0,1.0,0.0,47,4.51085950651685,0,45,4,0.6931471805599453,0,1,0.7818314824680298,159,0.0,2025,1,0.6234898018587336,54,0,1,0.8660254037844384,11,0.0,4.59511985013459
20251109,153.32000732421875,153.32000732421875,-0.5000000000000004,3,294.31727253306997,11.0,0.0,0,0.0,0,45,9,0.0,0,1,-0.7818314824680299,6,0.0,2025,6,0.6234898018587334,0,0,1,0.8660254037844384,11,0.0,5.039028416058714
20251110,8.0,8.0,-0.5000000000000004,0,8.0,1.0,0.0,2,3.044522437723423,0,46,10,1.791759469228055,0,1,0.0,314,0.0,2025,0,1.0,0,0,1,0.8660254037844384,11,0.0,2.1972245773362196
20251117,8.0,8.0,-0.5000000000000004,0,8.0,1.0,0.0,2,3.9318256327243257,0,47,17,1.0986122886681098,0,0,0.0,301,0.0,2025,0,1.0,0,0,1,0.8660254037844384,11,0.0,2.1972245773362196
20251118,0.0,0.0,-0.5000000000000004,2,4.369289970397949,5.0,0.0,0,0.0,0,47,18,7.313886831633462,0,0,0.7818314824680298,213,0.0,2025,1,0.6234898018587336,0,0,1,0.8660254037844384,11,0.0,0.0
20251118,2.125149965286255,2.125149965286255,-0.5000000000000004,2,4.369289970397949,5.0,0.0,0,0.0,0,47,18,0.0,0,0,0.7818314824680298,213,0.0,2025,1,0.6234898018587336,0,0,1,0.8660254037844384,11,0.0,1.1394822709285364
20251120,88.0,88.0,-0.5000000000000004,0,88.0,1.0,0.0,9,4.394449154672439,0,47,20,0.6931471805599453,0,0,0.43388373911755823,232,0.0,2025,3,-0.900968867902419,95,0,1,0.8660254037844384,11,0.0,4.48863636973214
20251121,419.8800048828125,419.8800048828125,-0.5000000000000004,3,605.3114304315476,21.0,0.0,0,0.0,0,47,21,0.0,0,0,-0.433883739117558,41,0.0,2025,4,-0.9009688679024191,0,0,1,0.8660254037844384,11,0.0,6.042347769023988
20251124,2.678499937057495,1.6784999370574951,-0.5000000000000004,2,4.369289970397949,5.0,0.0,0,0.0,0,48,24,0.0,0,0,0.0,213,0.0,2025,0,1.0,0,0,1,0.8660254037844384,11,0.0,1.3025050432792658
20251126,3.7385001182556152,3.7385001182556152,-0.5000000000000004,2,123.67465000152588,5.0,0.0,0,0.0,0,48,26,0.0,0,0,0.9749279121818236,53,0.0,2025,2,-0.22252093395631434,0,0,1,0.8660254037844384,11,0.0,1.5557206548844518
20251127,98.0,98.0,-0.5000000000000004,0,98.0,1.0,0.0,3,4.51085950651685,0,48,27,0.6931471805599453,0,0,0.43388373911755823,136,0.0,2025,3,-0.900968867902419,0,0,1,0.8660254037844384,11,0.0,4.59511985013459
20251201,33.0,33.0,-2.4492935982947064e-16,0,33.0,1.0,0.0,45,3.258096538021482,0,49,1,0.6931471805599453,0,1,0.0,109,0.0,2025,0,1.0,67,0,1,1.0,12,0.0,3.5263605246161616
20251201,27.0,27.0,-2.4492935982947064e-16,0,27.0,1.0,0.0,46,4.787491742782046,0,49,1,0.6931471805599453,0,1,0.0,177,0.0,2025,0,1.0,0,0,1,1.0,12,0.0,3.332204510175204
20251203,98.0,98.0,-2.4492935982947064e-16,0,98.0,1.0,0.0,2,4.51085950651685,0,49,3,0.6931471805599453,0,1,0.9749279121818236,231,0.0,2025,2,-0.22252093395631434,103,0,1,1.0,12,0.0,4.59511985013459
20251204,98.0,98.0,-2.4492935982947064e-16,0,98.0,1.0,0.0,2,4.51085950651685,0,49,4,0.6931471805599453,0,1,0.43388373911755823,126,0.0,2025,3,-0.900968867902419,54,0,1,1.0,12,0.0,4.59511985013459
20251204,27.0,27.0,-2.4492935982947064e-16,0,27.0,1.0,0.0,18,4.787491742782046,0,49,4,0.6931471805599453,0,1,0.43388373911755823,235,0.0,2025,3,-0.900968867902419,0,0,1,1.0,12,0.0,3.332204510175204
20251205,27.0,27.0,-2.4492935982947064e-16,0,27.0,1.0,0.0,2,4.787491742782046,0,49,5,0.6931471805599453,0,1,-0.433883739117558,318,0.0,2025,4,-0.9009688679024191,0,0,1,1.0,12,0.0,3.332204510175204
20251205,301.0,301.0,-2.4492935982947064e-16,2,123.67465000152588,5.0,0.0,0,0.0,0,49,5,0.0,0,1,-0.433883739117558,53,0.0,2025,4,-0.9009688679024191,0,0,1,1.0,12,0.0,5.71042701737487
20251209,98.0,98.0,-2.4492935982947064e-16,0,98.0,1.0,0.0,2,4.51085950651685,0,50,9,0.6931471805599453,0,1,0.7818314824680298,13,0.0,2025,1,0.6234898018587336,54,0,1,1.0,12,0.0,4.59511985013459
20251209,98.0,98.0,-2.4492935982947064e-16,0,98.0,1.0,0.0,2,4.51085950651685,0,50,9,0.6931471805599453,0,1,0.7818314824680298,285,0.0,2025,1,0.6234898018587336,54,0,1,1.0,12,0.0,4.59511985013459
20251210,88.0,88.0,-2.4492935982947064e-16,0,88.0,1.0,0.0,44,4.394449154672439,0,50,10,0.6931471805599453,0,1,0.9749279121818236,255,0.0,2025,2,-0.22252093395631434,95,0,1,1.0,12,0.0,4.48863636973214
20251210,98.0,98.0,-2.4492935982947064e-16,0,98.0,1.0,0.0,13,4.51085950651685,0,50,10,0.6931471805599453,0,1,0.9749279121818236,287,0.0,2025,2,-0.22252093395631434,103,0,1,1.0,12,0.0,4.59511985013459
20251210,98.0,98.0,-2.4492935982947064e-16,0,98.0,1.0,0.0,2,4.51085950651685,0,50,10,0.6931471805599453,0,1,0.9749279121818236,165,0.0,2025,2,-0.22252093395631434,103,0,1,1.0,12,0.0,4.59511985013459
20251210,0.0,0.0,-2.4492935982947064e-16,1,235.5,2.0,0.0,0,0.0,0,50,10,2.3978952727983707,0,1,0.9749279121818236,253,0.0,2025,2,-0.22252093395631434,0,0,1,1.0,12,0.0,0.0
20251211,27.0,27.0,-2.4492935982947064e-16,0,27.0,1.0,0.0,2,4.787491742782046,0,50,11,0.6931471805599453,0,0,0.43388373911755823,71,0.0,2025,3,-0.900968867902419,0,0,1,1.0,12,0.0,3.332204510175204
20251211,7.800000190734863,7.800000190734863,-2.4492935982947064e-16,0,7.800000190734863,1.0,0.0,43,3.9298629535344514,0,50,11,1.0986122886681098,0,0,0.43388373911755823,9,0.0,2025,3,-0.900968867902419,0,0,1,1.0,12,0.0,2.174751743158577
20251211,17.365930557250977,17.365930557250977,-2.4492935982947064e-16,2,163.6801874372694,9.0,0.0,0,0.0,0,50,11,0.0,0,0,0.43388373911755823,3,0.0,2025,3,-0.900968867902419,0,0,1,1.0,12,0.0,2.910497348135014
20251211,239.0,239.0,-2.4492935982947064e-16,2,148.16243086920844,9.0,0.0,0,0.0,0,50,11,0.0,0,0,0.43388373911755823,111,0.0,2025,3,-0.900968867902419,0,0,1,1.0,12,0.0,5.480638923341991
20251212,0.0,0.0,-2.4492935982947064e-16,0,0.0,1.0,0.0,0,0.0,0,50,12,1.791759469228055,0,0,-0.433883739117558,186,0.0,2025,4,-0.9009688679024191,0,0,1,1.0,12,0.0,0.0
20251212,720.9500122070312,720.9500122070312,-2.4492935982947064e-16,3,605.3114304315476,21.0,0.0,0,0.0,0,50,12,0.0,0,0,-0.433883739117558,41,0.0,2025,4,-0.9009688679024191,0,0,1,1.0,12,0.0,6.581955901325644
20251212,27.0,27.0,-2.4492935982947064e-16,0,27.0,1.0,0.0,16,4.787491742782046,0,50,12,0.6931471805599453,0,0,-0.433883739117558,147,0.0,2025,4,-0.9009688679024191,0,0,1,1.0,12,0.0,3.332204510175204
20251214,98.0,98.0,-2.4492935982947064e-16,0,98.0,1.0,0.0,2,4.51085950651685,0,50,14,0.6931471805599453,0,0,-0.7818314824680299,243,0.0,2025,6,0.6234898018587334,103,0,1,1.0,12,0.0,4.59511985013459
20251215,98.0,98.0,-2.4492935982947064e-16,0,98.0,1.0,0.0,2,4.51085950651685,0,51,15,0.6931471805599453,0,0,0.0,16,0.0,2025,0,1.0,0,0,1,1.0,12,0.0,4.59511985013459
20251215,0.0,0.0,-2.4492935982947064e-16,2,163.6801874372694,9.0,0.0,0,0.0,0,51,15,6.111467339502679,0,0,0.0,3,0.0,2025,0,1.0,0,0,1,1.0,12,0.0,0.0
20251215,301.0,301.0,-2.4492935982947064e-16,2,123.67465000152588,5.0,0.0,0,0.0,0,51,15,0.0,0,0,0.0,53,0.0,2025,0,1.0,0,0,1,1.0,12,0.0,5.71042701737487
20251215,3.7385001182556152,3.7385001182556152,-2.4492935982947064e-16,2,123.67465000152588,5.0,0.0,0,0.0,0,51,15,0.0,0,0,0.0,53,0.0,2025,0,1.0,0,0,1,1.0,12,0.0,1.5557206548844518
20251216,2.047800064086914,2.047800064086914,-2.4492935982947064e-16,0,2.047800064086914,1.0,0.0,0,0.0,0,51,16,0.0,0,0,0.7818314824680298,198,0.0,2025,1,0.6234898018587336,0,0,1,1.0,12,0.0,1.1144200399008932
20251216,0.0,0.0,-2.4492935982947064e-16,2,163.6801874372694,9.0,0.0,0,0.0,0,51,16,3.044522437723423,0,0,0.7818314824680298,3,0.0,2025,1,0.6234898018587336,0,0,1,1.0,12,0.0,0.0
20251217,7.800000190734863,7.800000190734863,-2.4492935982947064e-16,0,7.800000190734863,1.0,0.0,42,3.9298629535344514,0,51,17,1.0986122886681098,0,0,0.9749279121818236,252,0.0,2025,2,-0.22252093395631434,0,0,1,1.0,12,0.0,2.174751743158577
20251218,98.0,98.0,-2.4492935982947064e-16,0,98.0,1.0,0.0,2,4.51085950651685,0,51,18,0.6931471805599453,0,0,0.43388373911755823,200,0.0,2025,3,-0.900968867902419,54,0,1,1.0,12,0.0,4.59511985013459
20251219,98.0,98.0,-2.4492935982947064e-16,0,98.0,1.0,0.0,2,4.51085950651685,0,51,19,0.6931471805599453,0,0,-0.433883739117558,293,0.0,2025,4,-0.9009688679024191,103,0,1,1.0,12,0.0,4.59511985013459
20251222,2.928400039672852,2.928400039672852,-2.4492935982947064e-16,0,2.928400039672852,1.0,0.0,0,0.0,0,52,22,0.0,0,0,0.0,278,0.0,2025,0,1.0,0,0,1,1.0,12,0.0,1.3682322284004669
20251222,98.0,98.0,-2.4492935982947064e-16,0,98.0,1.0,0.0,13,4.51085950651685,0,52,22,0.6931471805599453,0,0,0.0,67,0.0,2025,0,1.0,103,0,1,1.0,12,0.0,4.59511985013459
20251224,8.0,8.0,-2.4492935982947064e-16,0,8.0,1.0,0.0,2,3.258096538021482,0,52,24,1.6094379124341003,0,0,0.9749279121818236,251,0.0,2025,2,-0.22252093395631434,0,0,1,1.0,12,0.0,2.1972245773362196
20251224,98.0,98.0,-2.4492935982947064e-16,0,98.0,1.0,0.0,2,4.51085950651685,0,52,24,0.6931471805599453,0,0,0.9749279121818236,103,0.0,2025,2,-0.22252093395631434,103,0,1,1.0,12,0.0,4.59511985013459
20251224,98.0,98.0,-2.4492935982947064e-16,0,98.0,1.0,0.0,7,4.51085950651685,0,52,24,0.6931471805599453,0,0,0.9749279121818236,171,0.0,2025,2,-0.22252093395631434,103,0,1,1.0,12,0.0,4.59511985013459
20251224,98.0,98.0,-2.4492935982947064e-16,0,98.0,1.0,0.0,8,4.51085950651685,0,52,24,0.6931471805599453,0,0,0.9749279121818236,47,0.0,2025,2,-0.22252093395631434,103,0,1,1.0,12,0.0,4.59511985013459
20251224,97.9000015258789,97.9000015258789,-2.4492935982947064e-16,0,97.9000015258789,1.0,0.0,40,7.626043713855752,0,52,24,4.718498871295094,0,0,0.9749279121818236,112,0.0,2025,2,-0.22252093395631434,0,0,1,1.0,12,0.0,4.594109254057169
20251224,66.0,66.0,-2.4492935982947064e-16,0,66.0,1.0,0.0,28,4.07753744390572,0,52,24,0.6931471805599453,0,0,0.9749279121818236,220,0.0,2025,2,-0.22252093395631434,83,0,1,1.0,12,0.0,4.204692619390966
20251224,97.9000015258789,97.9000015258789,-2.4492935982947064e-16,0,97.9000015258789,1.0,0.0,41,12.216274955772482,0,52,24,4.718498871295094,0,0,0.9749279121818236,14,0.0,2025,2,-0.22252093395631434,0,0,1,1.0,12,0.0,4.594109254057169
20251224,50.0,50.0,-2.4492935982947064e-16,0,50.0,1.0,0.0,15,5.017279836814924,0,52,24,0.6931471805599453,0,0,0.9749279121818236,125,0.0,2025,2,-0.22252093395631434,0,0,1,1.0,12,0.0,3.9318256327243257
20251224,98.0,98.0,-2.4492935982947064e-16,0,98.0,1.0,0.0,2,4.51085950651685,0,52,24,0.6931471805599453,0,0,0.9749279121818236,184,0.0,2025,2,-0.22252093395631434,103,0,1,1.0,12,0.0,4.59511985013459
20251225,98.0,98.0,-2.4492935982947064e-16,0,98.0,1.0,0.0,39,4.51085950651685,0,52,25,0.6931471805599453,0,0,0.43388373911755823,239,0.0,2025,3,-0.900968867902419,0,0,1,1.0,12,0.0,4.59511985013459
20251225,98.0,98.0,-2.4492935982947064e-16,0,98.0,1.0,0.0,1,4.51085950651685,0,52,25,0.6931471805599453,0,0,0.43388373911755823,7,0.0,2025,3,-0.900968867902419,54,0,1,1.0,12,0.0,4.59511985013459
20251225,98.0,98.0,-2.4492935982947064e-16,1,98.0,2.0,0.0,8,4.51085950651685,0,52,25,0.6931471805599453,0,0,0.43388373911755823,130,0.0,2025,3,-0.900968867902419,54,0,1,1.0,12,0.0,4.59511985013459
20251225,98.0,98.0,-2.4492935982947064e-16,1,98.0,2.0,0.0,8,4.51085950651685,0,52,25,0.6931471805599453,0,0,0.43388373911755823,130,0.0,2025,3,-0.900968867902419,54,0,1,1.0,12,0.0,4.59511985013459
20251226,98.0,98.0,-2.4492935982947064e-16,0,98.0,1.0,0.0,23,4.51085950651685,0,52,26,0.6931471805599453,0,0,-0.433883739117558,133,0.0,2025,4,-0.9009688679024191,54,0,1,1.0,12,0.0,4.59511985013459
20251226,8.0,8.0,-2.4492935982947064e-16,0,8.0,1.0,0.0,2,3.044522437723423,0,52,26,1.791759469228055,0,0,-0.433883739117558,18,0.0,2025,4,-0.9009688679024191,0,0,1,1.0,12,0.0,2.1972245773362196
20251226,28.0,28.0,-2.4492935982947064e-16,0,28.0,1.0,0.0,2,3.4339872044851463,0,52,26,1.6094379124341003,0,0,-0.433883739117558,199,0.0,2025,4,-0.9009688679024191,24,0,1,1.0,12,0.0,3.367295829986474
20251227,73.0,73.0,-2.4492935982947064e-16,0,73.0,1.0,0.0,71,4.189654742026425,0,52,27,0.6931471805599453,0,0,-0.9749279121818236,55,0.0,2025,5,-0.2225209339563146,36,0,1,1.0,12,0.0,4.30406509320417
20251227,38.0,38.0,-2.4492935982947064e-16,1,38.0,2.0,0.0,72,3.4339872044851463,0,52,27,0.6931471805599453,0,0,-0.9749279121818236,150,0.0,2025,5,-0.2225209339563146,93,0,1,1.0,12,0.0,3.6635616461296463
20251228,66.0,66.0,-2.4492935982947064e-16,0,66.0,1.0,0.0,16,4.07753744390572,0,52,28,0.6931471805599453,0,0,-0.7818314824680299,132,0.0,2025,6,0.6234898018587334,83,0,1,1.0,12,0.0,4.204692619390966
20251228,84.0,84.0,-2.4492935982947064e-16,0,84.0,1.0,0.0,70,5.220355825078324,0,52,28,0.6931471805599453,0,0,-0.7818314824680299,201,0.0,2025,6,0.6234898018587334,0,0,1,1.0,12,0.0,4.442651256490317
20251229,53.0,53.0,-2.4492935982947064e-16,0,53.0,1.0,0.0,2,13.393658412784772,0,1,29,4.718498871295094,0,0,0.0,215,0.0,2025,0,1.0,0,0,1,1.0,12,0.0,3.9889840465642745
20251229,98.0,98.0,-2.4492935982947064e-16,0,98.0,1.0,0.0,2,4.51085950651685,0,1,29,0.6931471805599453,0,0,0.0,152,0.0,2025,0,1.0,54,0,1,1.0,12,0.0,4.59511985013459
20251229,98.0,98.0,-2.4492935982947064e-16,0,98.0,1.0,0.0,69,4.51085950651685,0,1,29,0.6931471805599453,0,0,0.0,217,0.0,2025,0,1.0,54,0,1,1.0,12,0.0,4.59511985013459
20251229,108.0,108.0,-2.4492935982947064e-16,0,108.0,1.0,0.0,2,3.9318256327243257,0,1,29,1.0986122886681098,0,0,0.0,118,0.0,2025,0,1.0,0,0,1,1.0,12,0.0,4.6913478822291435
20251230,98.0,98.0,-2.4492935982947064e-16,0,98.0,1.0,0.0,9,4.51085950651685,0,1,30,0.6931471805599453,0,0,0.7818314824680298,17,0.0,2025,1,0.6234898018587336,0,0,1,1.0,12,0.0,4.59511985013459
20260102,8.0,8.0,0.49999999999999994,0,8.0,1.0,0.0,2,3.9318256327243257,0,1,2,1.0986122886681098,0,1,-0.433883739117558,203,0.0,2026,4,-0.9009688679024191,0,0,0,0.8660254037844387,1,0.0,2.1972245773362196
20260110,31.87396049499512,31.87396049499512,0.49999999999999994,2,148.16243086920844,9.0,0.0,0,0.0,0,2,10,0.0,0,1,-0.9749279121818236,111,0.0,2026,5,-0.2225209339563146,0,0,0,0.8660254037844387,1,0.0,3.4926808700739054
20260210,115.23999786376952,115.23999786376952,0.8660254037844386,3,294.31727253306997,11.0,0.0,0,0.0,0,7,10,0.0,0,1,0.7818314824680298,6,0.0,2026,1,0.6234898018587336,0,0,0,0.5000000000000001,2,0.0,4.75565700088427
20260304,179.5,179.5,1.0,0,179.5,1.0,0.0,0,0.0,0,10,4,0.0,0,1,0.9749279121818236,237,0.0,2026,2,-0.22252093395631434,0,0,0,6.123233995736766e-17,3,0.0,5.195730777772936
20260312,17.36592674255371,17.36592674255371,1.0,2,163.6801874372694,9.0,0.0,0,0.0,0,11,12,0.0,0,0,0.43388373911755823,3,0.0,2026,3,-0.900968867902419,0,0,0,6.123233995736766e-17,3,0.0,2.9104971404299023
-1,163390.546875,137692.8203125,0.0,0,0.0,0.0,0.0,0,0.0,0,0,0,0.0,0,1,0.0,0,0.0,0,0,1.0,0,0,0,1.0,0,0.0,12.003904727358718
-1,361.5700073242188,361.5700073242188,0.0,3,294.31727253306997,11.0,0.0,0,0.0,0,0,0,0.0,0,1,0.0,6,0.0,0,0,1.0,0,0,0,1.0,0,0.0,5.8932175793017745
-1,267.5599975585937,267.5599975585937,0.0,3,294.31727253306997,11.0,0.0,0,0.0,0,0,0,0.0,0,1,0.0,6,0.0,0,0,1.0,0,0,0,1.0,0,0.0,5.59307434358105
-1,39.08000183105469,39.08000183105469,0.0,3,294.31727253306997,11.0,0.0,0,0.0,0,0,0,0.0,0,1,0.0,6,0.0,0,0,1.0,0,0,0,1.0,0,0.0,3.6908775024616056
-1,21.706600189208984,21.706600189208984,0.0,0,0.0,0.0,0.0,0,0.0,0,0,0,0.0,0,1,0.0,0,0.0,0,0,1.0,0,0,0,1.0,0,0.0,3.12265563945954
-1,22.61100006103516,22.61100006103516,0.0,2,163.6801874372694,9.0,0.0,0,0.0,0,0,0,0.0,0,1,0.0,3,0.0,0,0,1.0,0,0,0,1.0,0,0.0,3.161712707719857
-1,596.0,596.0,0.0,2,163.6801874372694,9.0,0.0,0,0.0,0,0,0,0.0,0,1,0.0,3,0.0,0,0,1.0,0,0,0,1.0,0,0.0,6.391917113392602
-1,772.219970703125,772.219970703125,0.0,2,163.6801874372694,9.0,0.0,0,0.0,0,0,0,0.0,0,1,0.0,3,0.0,0,0,1.0,0,0,0,1.0,0,0.0,6.650563575638912
-1,1115.239990234375,1115.239990234375,0.0,3,294.31727253306997,11.0,0.0,0,0.0,0,0,0,0.0,0,1,0.0,6,0.0,0,0,1.0,0,0,0,1.0,0,0.0,7.017721164835272
-1,239.0,239.0,0.0,2,148.16243086920844,9.0,0.0,0,0.0,0,0,0,0.0,0,1,0.0,111,0.0,0,0,1.0,0,0,0,1.0,0,0.0,5.480638923341991
-1,31.87396049499512,31.87396049499512,0.0,2,148.16243086920844,9.0,0.0,0,0.0,0,0,0,0.0,0,1,0.0,111,0.0,0,0,1.0,0,0,0,1.0,0,0.0,3.4926808700739054
-1,222.33999633789065,222.33999633789065,0.0,2,148.16243086920844,9.0,0.0,0,0.0,0,0,0,0.0,0,1,0.0,111,0.0,0,0,1.0,0,0,0,1.0,0,0.0,5.40869525762063
-1,239.0,239.0,0.0,2,148.16243086920844,9.0,0.0,0,0.0,0,0,0,0.0,0,1,0.0,111,0.0,0,0,1.0,0,0,0,1.0,0,0.0,5.480638923341991
