FK_Produit,FK_Client,FK_Date,FK_Geographie,FK_Fournisseur,FK_Concurrent,FK_SocialMedia,FK_Document,FK_Commande,FK_Type,Quantite,Prix_unitaire,Montant_HT,Montant_TVA,Montant_TTC,Remise,Prix_concurrent,Likes,Commentaires,Annee,Mois,Trimestre,Lib_Mois,A_Remise,A_Social,Est_WeekEnd
-1,237,20260304,-1,-1,-1,-1,290,-1,1,0,0.0,179.5,0.0,179.5,0.0,0.0,0,0,2026,3,T1,March,0,0,0
-1,3,20260312,-1,-1,-1,-1,308,-1,1,0,0.0,17.36592674255371,0.0,17.36592674255371,0.0,0.0,0,0,2026,3,T1,March,0,0,0
-1,6,20260210,-1,-1,-1,-1,296,-1,1,0,0.0,115.23999786376952,0.0,115.23999786376952,0.0,0.0,0,0,2026,2,T1,February,0,0,0
-1,203,20260102,2,-1,-1,-1,-1,255,1,2,50.0,8.0,0.0,8.0,0.0,0.0,0,0,2026,1,T1,January,0,0,0
-1,111,20260110,-1,-1,-1,-1,309,-1,1,0,0.0,31.87396049499512,0.0,31.87396049499512,0.0,0.0,0,0,2026,1,T1,January,0,0,0
67,109,20251201,45,-1,-1,-1,-1,211,1,1,25.0,33.0,0.0,33.0,0.0,0.0,0,0,2025,12,T4,December,0,0,0
-1,177,20251201,46,-1,-1,-1,-1,210,1,1,119.0,27.0,0.0,27.0,0.0,0.0,0,0,2025,12,T4,December,0,0,0
103,231,20251203,2,-1,-1,-1,-1,212,1,1,90.0,98.0,0.0,98.0,0.0,0.0,0,0,2025,12,T4,December,0,0,0
54,126,20251204,2,-1,-1,-1,-1,214,1,1,90.0,98.0,0.0,98.0,0.0,0.0,0,0,2025,12,T4,December,0,0,0
-1,235,20251204,18,-1,-1,-1,-1,213,1,1,119.0,27.0,0.0,27.0,0.0,0.0,0,0,2025,12,T4,December,0,0,0
-1,318,20251205,2,-1,-1,-1,-1,215,1,1,119.0,27.0,0.0,27.0,0.0,0.0,0,0,2025,12,T4,December,0,0,0
-1,53,20251205,-1,-1,-1,-1,254,-1,1,0,0.0,301.0,0.0,301.0,0.0,0.0,0,0,2025,12,T4,December,0,0,0
54,13,20251209,2,-1,-1,-1,-1,217,1,1,90.0,98.0,0.0,98.0,0.0,0.0,0,0,2025,12,T4,December,0,0,0
54,285,20251209,2,-1,-1,-1,-1,216,1,1,90.0,98.0,0.0,98.0,0.0,0.0,0,0,2025,12,T4,December,0,0,0
95,255,20251210,44,-1,-1,-1,-1,220,1,1,80.0,88.0,0.0,88.0,0.0,0.0,0,0,2025,12,T4,December,0,0,0
103,287,20251210,13,-1,-1,-1,-1,219,1,1,90.0,98.0,0.0,98.0,0.0,0.0,0,0,2025,12,T4,December,0,0,0
103,165,20251210,2,-1,-1,-1,-1,218,1,1,90.0,98.0,0.0,98.0,0.0,0.0,0,0,2025,12,T4,December,0,0,0
-1,253,20251210,-1,-1,-1,-1,221,-1,1,10,0.0,0.0,0.0,0.0,0.0,0.0,0,0,2025,12,T4,December,0,0,0
-1,71,20251211,2,-1,-1,-1,-1,222,1,1,119.0,27.0,0.0,27.0,0.0,0.0,0,0,2025,12,T4,December,0,0,0
-1,9,20251211,43,-1,-1,-1,-1,221,1,2,49.900001525878906,7.800000190734863,0.0,7.800000190734863,0.0,0.0,0,0,2025,12,T4,December,0,0,0
-1,3,20251211,-1,-1,-1,-1,304,-1,1,0,0.0,17.365930557250977,0.0,17.365930557250977,0.0,0.0,0,0,2025,12,T4,December,0,0,0
-1,111,20251211,-1,-1,-1,-1,306,-1,1,0,0.0,239.0,0.0,239.0,0.0,0.0,0,0,2025,12,T4,December,0,0,0
-1,41,20251212,-1,-1,-1,-1,284,-1,1,0,0.0,720.9500122070312,0.0,720.9500122070312,0.0,0.0,0,0,2025,12,T4,December,0,0,0
-1,147,20251212,16,-1,-1,-1,-1,223,1,1,119.0,27.0,0.0,27.0,0.0,0.0,0,0,2025,12,T4,December,0,0,0
-1,186,20251212,-1,-1,-1,-1,222,-1,1,5,0.0,0.0,0.0,0.0,0.0,0.0,0,0,2025,12,T4,December,0,0,0
103,243,20251214,2,-1,-1,-1,-1,224,1,1,90.0,98.0,0.0,98.0,0.0,0.0,0,0,2025,12,T4,December,0,0,0
-1,16,20251215,2,-1,-1,-1,-1,225,1,1,90.0,98.0,0.0,98.0,0.0,0.0,0,0,2025,12,T4,December,0,0,0
-1,3,20251215,-1,-1,-1,-1,224,-1,1,450,0.0,0.0,0.0,0.0,0.0,0.0,0,0,2025,12,T4,December,0,0,0
-1,53,20251215,-1,-1,-1,-1,256,-1,1,0,0.0,301.0,0.0,301.0,0.0,0.0,0,0,2025,12,T4,December,0,0,0
-1,53,20251215,-1,-1,-1,-1,257,-1,1,0,0.0,3.7385001182556152,0.0,3.7385001182556152,0.0,0.0,0,0,2025,12,T4,December,0,0,0
-1,198,20251216,-1,-1,-1,-1,270,-1,1,0,0.0,2.047800064086914,0.0,2.047800064086914,0.0,0.0,0,0,2025,12,T4,December,0,0,0
-1,3,20251216,-1,-1,-1,-1,225,-1,1,20,0.0,0.0,0.0,0.0,0.0,0.0,0,0,2025,12,T4,December,0,0,0
-1,252,20251217,42,-1,-1,-1,-1,226,1,2,49.900001525878906,7.800000190734863,0.0,7.800000190734863,0.0,0.0,0,0,2025,12,T4,December,0,0,0
54,200,20251218,2,-1,-1,-1,-1,227,1,1,90.0,98.0,0.0,98.0,0.0,0.0,0,0,2025,12,T4,December,0,0,0
103,293,20251219,2,-1,-1,-1,-1,228,1,1,90.0,98.0,0.0,98.0,0.0,0.0,0,0,2025,12,T4,December,0,0,0
103,67,20251222,13,-1,-1,-1,-1,229,1,1,90.0,98.0,0.0,98.0,0.0,0.0,0,0,2025,12,T4,December,0,0,0
-1,278,20251222,-1,-1,-1,-1,265,-1,1,0,0.0,2.928400039672852,0.0,2.928400039672852,0.0,0.0,0,0,2025,12,T4,December,0,0,0
103,184,20251224,2,-1,-1,-1,-1,238,1,1,90.0,98.0,0.0,98.0,0.0,0.0,0,0,2025,12,T4,December,0,0,0
103,103,20251224,2,-1,-1,-1,-1,237,1,1,90.0,98.0,0.0,98.0,0.0,0.0,0,0,2025,12,T4,December,0,0,0
103,171,20251224,7,-1,-1,-1,-1,236,1,1,90.0,98.0,0.0,98.0,0.0,0.0,0,0,2025,12,T4,December,0,0,0
103,47,20251224,8,-1,-1,-1,-1,235,1,1,90.0,98.0,0.0,98.0,0.0,0.0,0,0,2025,12,T4,December,0,0,0
-1,251,20251224,2,-1,-1,-1,-1,234,1,4,25.0,8.0,0.0,8.0,0.0,0.0,0,0,2025,12,T4,December,0,0,0
-1,112,20251224,40,-1,-1,-1,-1,233,1,111,2049.919921875,97.9000015258789,0.0,97.9000015258789,0.0,0.0,0,0,2025,12,T4,December,0,0,0
83,220,20251224,28,-1,-1,-1,-1,232,1,1,58.0,66.0,0.0,66.0,0.0,0.0,0,0,2025,12,T4,December,0,0,0
-1,14,20251224,41,-1,-1,-1,-1,231,1,111,202049.90625,97.9000015258789,0.0,97.9000015258789,0.0,0.0,0,0,2025,12,T4,December,0,0,0
-1,125,20251224,15,-1,-1,-1,-1,230,1,1,150.0,50.0,0.0,50.0,0.0,0.0,0,0,2025,12,T4,December,0,0,0
-1,239,20251225,39,-1,-1,-1,-1,239,1,1,90.0,98.0,0.0,98.0,0.0,0.0,0,0,2025,12,T4,December,0,0,0
54,7,20251225,1,-1,-1,-1,-1,240,1,1,90.0,98.0,0.0,98.0,0.0,0.0,0,0,2025,12,T4,December,0,0,0
54,130,20251225,8,-1,-1,-1,-1,242,1,1,90.0,98.0,0.0,98.0,0.0,0.0,0,0,2025,12,T4,December,0,0,0
54,130,20251225,8,-1,-1,-1,-1,241,1,1,90.0,98.0,0.0,98.0,0.0,0.0,0,0,2025,12,T4,December,0,0,0
54,133,20251226,23,-1,-1,-1,-1,245,1,1,90.0,98.0,0.0,98.0,0.0,0.0,0,0,2025,12,T4,December,0,0,0
-1,18,20251226,2,-1,-1,-1,-1,244,1,5,20.0,8.0,0.0,8.0,0.0,0.0,0,0,2025,12,T4,December,0,0,0
24,199,20251226,2,-1,-1,-1,-1,243,1,4,30.0,28.0,0.0,28.0,0.0,0.0,0,0,2025,12,T4,December,0,0,0
36,55,20251227,71,-1,-1,-1,-1,247,1,1,65.0,73.0,0.0,73.0,0.0,0.0,0,0,2025,12,T4,December,0,0,0
93,150,20251227,72,-1,-1,-1,-1,246,1,1,30.0,38.0,0.0,38.0,0.0,0.0,0,0,2025,12,T4,December,0,0,0
83,132,20251228,16,-1,-1,-1,-1,249,1,1,58.0,66.0,0.0,66.0,0.0,0.0,0,0,2025,12,T4,December,0,0,0
-1,201,20251228,70,-1,-1,-1,-1,248,1,1,184.0,84.0,0.0,84.0,0.0,0.0,0,0,2025,12,T4,December,0,0,0
-1,215,20251229,2,-1,-1,-1,-1,253,1,111,655830.0,53.0,0.0,53.0,0.0,0.0,0,0,2025,12,T4,December,0,0,0
54,152,20251229,2,-1,-1,-1,-1,252,1,1,90.0,98.0,0.0,98.0,0.0,0.0,0,0,2025,12,T4,December,0,0,0
54,217,20251229,69,-1,-1,-1,-1,251,1,1,90.0,98.0,0.0,98.0,0.0,0.0,0,0,2025,12,T4,December,0,0,0
-1,118,20251229,2,-1,-1,-1,-1,250,1,2,50.0,108.0,0.0,108.0,0.0,0.0,0,0,2025,12,T4,December,0,0,0
-1,17,20251230,9,-1,-1,-1,-1,254,1,1,90.0,98.0,0.0,98.0,0.0,0.0,0,0,2025,12,T4,December,0,0,0
83,54,20251102,48,-1,-1,-1,-1,204,1,1,58.0,66.0,0.0,66.0,0.0,0.0,0,0,2025,11,T4,November,0,0,0
-1,53,20251103,-1,-1,-1,-1,253,-1,1,0,0.0,7.474999785423279,1.4212499856948853,8.896249771118164,0.0,0.0,0,0,2025,11,T4,November,0,0,0
54,159,20251104,47,-1,-1,-1,-1,205,1,1,90.0,98.0,0.0,98.0,0.0,0.0,0,0,2025,11,T4,November,0,0,0
-1,6,20251109,-1,-1,-1,-1,295,-1,1,0,0.0,153.32000732421875,0.0,153.32000732421875,0.0,0.0,0,0,2025,11,T4,November,0,0,0
-1,314,20251110,2,-1,-1,-1,-1,206,1,5,20.0,8.0,0.0,8.0,0.0,0.0,0,0,2025,11,T4,November,0,0,0
-1,301,20251117,2,-1,-1,-1,-1,207,1,2,50.0,8.0,0.0,8.0,0.0,0.0,0,0,2025,11,T4,November,0,0,0
-1,213,20251118,-1,-1,-1,-1,220,-1,1,1500,0.0,0.0,0.0,0.0,0.0,0.0,0,0,2025,11,T4,November,0,0,0
-1,213,20251118,-1,-1,-1,-1,269,-1,1,0,0.0,2.125149965286255,0.0,2.125149965286255,0.0,0.0,0,0,2025,11,T4,November,0,0,0
95,232,20251120,9,-1,-1,-1,-1,208,1,1,80.0,88.0,0.0,88.0,0.0,0.0,0,0,2025,11,T4,November,0,0,0
-1,41,20251121,-1,-1,-1,-1,283,-1,1,0,0.0,419.8800048828125,0.0,419.8800048828125,0.0,0.0,0,0,2025,11,T4,November,0,0,0
-1,213,20251124,-1,-1,-1,-1,268,-1,1,0,0.0,1.6784999370574951,1.0,2.678499937057495,0.0,0.0,0,0,2025,11,T4,November,0,0,0
-1,53,20251126,-1,-1,-1,-1,255,-1,1,0,0.0,3.7385001182556152,0.0,3.7385001182556152,0.0,0.0,0,0,2025,11,T4,November,0,0,0
-1,136,20251127,3,-1,-1,-1,-1,209,1,1,90.0,98.0,0.0,98.0,0.0,0.0,0,0,2025,11,T4,November,0,0,0
-1,-1,20251002,-1,-1,-1,-1,286,-1,1,0,0.0,3.927999973297119,0.0,3.927999973297119,0.0,0.0,0,0,2025,10,T4,October,0,0,0
64,189,20251003,54,-1,-1,-1,-1,191,1,1,48.0,56.0,0.0,56.0,0.0,0.0,0,0,2025,10,T4,October,0,0,0
54,140,20251007,53,-1,-1,-1,-1,192,1,1,90.0,98.0,0.0,98.0,0.0,0.0,0,0,2025,10,T4,October,0,0,0
-1,253,20251012,-1,-1,-1,-1,298,-1,1,0,0.0,471.0,0.0,471.0,0.0,0.0,0,0,2025,10,T4,October,0,0,0
-1,116,20251013,24,-1,-1,-1,-1,193,1,1,120.0,28.0,0.0,28.0,0.0,0.0,0,0,2025,10,T4,October,0,0,0
-1,223,20251014,5,-1,-1,-1,-1,194,1,4,20.0,88.0,0.0,88.0,0.0,0.0,0,0,2025,10,T4,October,0,0,0
-1,41,20251014,-1,-1,-1,-1,282,-1,1,0,0.0,267.5599975585937,0.0,267.5599975585937,0.0,0.0,0,0,2025,10,T4,October,0,0,0
-1,213,20251016,-1,-1,-1,-1,266,-1,1,0,0.0,8.384999871253967,1.5941499471664429,9.97914981842041,0.0,0.0,0,0,2025,10,T4,October,0,0,0
103,308,20251020,2,-1,-1,-1,-1,196,1,1,90.0,98.0,0.0,98.0,0.0,0.0,0,0,2025,10,T4,October,0,0,0
54,131,20251020,52,-1,-1,-1,-1,195,1,1,90.0,98.0,0.0,98.0,0.0,0.0,0,0,2025,10,T4,October,0,0,0
-1,-1,20251022,51,-1,-1,-1,-1,197,1,1,25.0,33.0,0.0,33.0,0.0,0.0,0,0,2025,10,T4,October,0,0,0
-1,213,20251023,-1,-1,-1,-1,267,-1,1,0,0.0,5.93500018119812,1.1286499500274658,7.063650131225586,0.0,0.0,0,0,2025,10,T4,October,0,0,0
-1,246,20251025,16,-1,-1,-1,-1,198,1,2,50.0,8.0,0.0,8.0,0.0,0.0,0,0,2025,10,T4,October,0,0,0
-1,129,20251028,2,-1,-1,-1,-1,199,1,1,119.0,27.0,0.0,27.0,0.0,0.0,0,0,2025,10,T4,October,0,0,0
95,162,20251029,49,-1,-1,-1,-1,200,1,1,80.0,88.0,0.0,88.0,0.0,0.0,0,0,2025,10,T4,October,0,0,0
-1,312,20251030,49,-1,-1,-1,-1,202,1,1,90.0,98.0,0.0,98.0,0.0,0.0,0,0,2025,10,T4,October,0,0,0
-1,141,20251030,50,-1,-1,-1,-1,201,1,1,119.0,27.0,0.0,27.0,0.0,0.0,0,0,2025,10,T4,October,0,0,0
103,5,20251031,3,-1,-1,-1,-1,203,1,1,90.0,98.0,0.0,98.0,0.0,0.0,0,0,2025,10,T4,October,0,0,0
-1,297,20250901,2,-1,-1,-1,-1,180,1,1,120.0,28.0,0.0,28.0,0.0,0.0,0,0,2025,9,T3,September,0,0,0
-1,309,20250907,58,-1,-1,-1,-1,181,1,2,50.0,108.0,0.0,108.0,0.0,0.0,0,0,2025,9,T3,September,0,0,0
-1,227,20250909,42,-1,-1,-1,-1,182,1,1,20.0,1.0,0.0,1.0,0.0,0.0,0,0,2025,9,T3,September,0,0,0
103,294,20250910,2,-1,-1,-1,-1,183,1,1,90.0,98.0,0.0,98.0,0.0,0.0,0,0,2025,9,T3,September,0,0,0
-1,41,20250911,-1,-1,-1,-1,281,-1,1,0,0.0,576.9600219726562,0.0,576.9600219726562,0.0,0.0,0,0,2025,9,T3,September,0,0,0
36,216,20250913,33,-1,-1,-1,-1,184,1,1,65.0,73.0,0.0,73.0,0.0,0.0,0,0,2025,9,T3,September,0,0,0
-1,196,20250919,2,-1,-1,-1,-1,185,1,1,119.0,27.0,0.0,27.0,0.0,0.0,0,0,2025,9,T3,September,0,0,0
103,225,20250922,2,-1,-1,-1,-1,186,1,1,90.0,98.0,0.0,98.0,0.0,0.0,0,0,2025,9,T3,September,0,0,0
-1,240,20250923,57,-1,-1,-1,-1,187,1,1,119.0,27.0,0.0,27.0,0.0,0.0,0,0,2025,9,T3,September,0,0,0
54,175,20250924,56,-1,-1,-1,-1,188,1,1,90.0,98.0,0.0,98.0,0.0,0.0,0,0,2025,9,T3,September,0,0,0
-1,120,20250925,55,-1,-1,-1,-1,189,1,1,30.0,38.0,0.0,38.0,0.0,0.0,0,0,2025,9,T3,September,0,0,0
103,45,20250930,2,-1,-1,-1,-1,190,1,1,90.0,98.0,0.0,98.0,0.0,0.0,0,0,2025,9,T3,September,0,0,0
56,161,20250801,3,-1,-1,-1,-1,150,1,1,100.0,8.0,0.0,8.0,0.0,0.0,0,0,2025,8,T3,August,0,0,0
16,226,20250804,73,-1,-1,-1,-1,152,1,1,90.0,98.0,0.0,98.0,0.0,0.0,0,0,2025,8,T3,August,0,0,0
68,25,20250804,74,-1,-1,-1,-1,151,1,1,84.0,92.0,0.0,92.0,0.0,0.0,0,0,2025,8,T3,August,0,0,0
54,209,20250804,5,-1,-1,-1,-1,153,1,1,90.0,98.0,0.0,98.0,0.0,0.0,0,0,2025,8,T3,August,0,0,0
-1,111,20250804,-1,-1,-1,-1,266,-1,1,0,0.0,250.0,48.5,298.5,0.0,0.0,0,0,2025,8,T3,August,0,0,0
95,117,20250806,5,-1,-1,-1,-1,154,1,1,92.0,0.0,0.0,0.0,0.0,0.0,0,0,2025,8,T3,August,0,0,0
41,310,20250807,64,-1,-1,-1,-1,155,1,1,49.900001525878906,57.900001525878906,0.0,57.900001525878906,0.0,0.0,0,0,2025,8,T3,August,0,0,0
-1,80,20250809,68,-1,-1,-1,-1,157,1,1,150.0,150.0,0.0,150.0,0.0,0.0,0,0,2025,8,T3,August,0,0,0
112,205,20250809,2,-1,-1,-1,-1,156,1,1,92.0,0.0,0.0,0.0,0.0,0.0,0,0,2025,8,T3,August,0,0,0
24,304,20250810,67,-1,-1,-1,-1,158,1,1,25.0,1.0,0.0,1.0,0.0,0.0,0,0,2025,8,T3,August,0,0,0
-1,297,20250811,2,-1,-1,-1,-1,160,1,1,219.0,119.0,0.0,119.0,0.0,0.0,0,0,2025,8,T3,August,0,0,0
56,50,20250811,66,-1,-1,-1,-1,159,1,1,100.0,8.0,0.0,8.0,0.0,0.0,0,0,2025,8,T3,August,0,0,0
41,268,20250813,65,-1,-1,-1,-1,161,1,1,49.900001525878906,57.900001525878906,0.0,57.900001525878906,0.0,0.0,0,0,2025,8,T3,August,0,0,0
41,164,20250816,64,-1,-1,-1,-1,162,1,2,49.900001525878906,107.8000030517578,0.0,107.8000030517578,0.0,0.0,0,0,2025,8,T3,August,0,0,0
-1,41,20250819,-1,-1,-1,-1,280,-1,1,0,0.0,381.7999877929688,0.0,381.7999877929688,0.0,0.0,0,0,2025,8,T3,August,0,0,0
-1,309,20250820,58,-1,-1,-1,-1,166,1,2,50.0,108.0,0.0,108.0,0.0,0.0,0,0,2025,8,T3,August,0,0,0
54,40,20250820,62,-1,-1,-1,-1,165,1,1,90.0,98.0,0.0,98.0,0.0,0.0,0,0,2025,8,T3,August,0,0,0
56,315,20250820,63,-1,-1,-1,-1,164,1,1,100.0,108.0,0.0,108.0,0.0,0.0,0,0,2025,8,T3,August,0,0,0
56,311,20250820,55,-1,-1,-1,-1,163,1,1,100.0,108.0,0.0,108.0,0.0,0.0,0,0,2025,8,T3,August,0,0,0
58,176,20250821,61,-1,-1,-1,-1,169,1,1,85.0,93.0,0.0,93.0,0.0,0.0,0,0,2025,8,T3,August,0,0,0
56,24,20250821,50,-1,-1,-1,-1,168,1,1,100.0,8.0,0.0,8.0,0.0,0.0,0,0,2025,8,T3,August,0,0,0
56,1,20250821,31,-1,-1,-1,-1,167,1,1,100.0,8.0,0.0,8.0,0.0,0.0,0,0,2025,8,T3,August,0,0,0
16,269,20250822,55,-1,-1,-1,-1,170,1,1,90.0,98.0,0.0,98.0,0.0,0.0,0,0,2025,8,T3,August,0,0,0
56,73,20250825,4,-1,-1,-1,-1,171,1,1,100.0,102.0,0.0,102.0,0.0,0.0,0,0,2025,8,T3,August,0,0,0
-1,197,20250826,2,-1,-1,-1,-1,173,1,1,109.0,17.0,0.0,17.0,0.0,0.0,0,0,2025,8,T3,August,0,0,0
64,99,20250826,60,-1,-1,-1,-1,172,1,2,48.0,104.0,0.0,104.0,0.0,0.0,0,0,2025,8,T3,August,0,0,0
-1,257,20250829,2,-1,-1,-1,-1,175,1,1,119.0,27.0,0.0,27.0,0.0,0.0,0,0,2025,8,T3,August,0,0,0
-1,101,20250829,2,-1,-1,-1,-1,174,1,1,119.0,27.0,0.0,27.0,0.0,0.0,0,0,2025,8,T3,August,0,0,0
-1,48,20250830,2,-1,-1,-1,-1,176,1,1,119.0,27.0,0.0,27.0,0.0,0.0,0,0,2025,8,T3,August,0,0,0
68,298,20250831,59,-1,-1,-1,-1,179,1,1,84.0,92.0,0.0,92.0,0.0,0.0,0,0,2025,8,T3,August,0,0,0
-1,291,20250831,23,-1,-1,-1,-1,178,1,2,20.0,48.0,0.0,48.0,0.0,0.0,0,0,2025,8,T3,August,0,0,0
56,79,20250831,42,-1,-1,-1,-1,177,1,1,100.0,8.0,0.0,8.0,0.0,0.0,0,0,2025,8,T3,August,0,0,0
-1,113,20250701,5,-1,-1,-1,-1,139,1,1,120.0,28.0,0.0,28.0,0.0,0.0,0,0,2025,7,T3,July,0,0,0
-1,41,20250701,-1,-1,-1,-1,279,-1,1,0,0.0,457.9599914550781,0.0,457.9599914550781,0.0,0.0,0,0,2025,7,T3,July,0,0,0
80,238,20250704,80,-1,-1,-1,-1,140,1,1,90.0,98.0,0.0,98.0,0.0,0.0,0,0,2025,7,T3,July,0,0,0
93,86,20250708,79,-1,-1,-1,-1,142,1,1,30.0,38.0,0.0,38.0,0.0,0.0,0,0,2025,7,T3,July,0,0,0
93,77,20250708,2,-1,-1,-1,-1,141,1,1,30.0,38.0,0.0,38.0,0.0,0.0,0,0,2025,7,T3,July,0,0,0
-1,3,20250711,-1,-1,-1,-1,303,-1,1,0,0.0,24.352859497070312,0.0,24.352859497070312,0.0,0.0,0,0,2025,7,T3,July,0,0,0
34,81,20250712,78,-1,-1,-1,-1,143,1,1,86.0,94.0,0.0,94.0,0.0,0.0,0,0,2025,7,T3,July,0,0,0
93,150,20250714,72,-1,-1,-1,-1,145,1,1,30.0,38.0,0.0,38.0,0.0,0.0,0,0,2025,7,T3,July,0,0,0
-1,102,20250714,77,-1,-1,-1,-1,144,1,2,50.0,108.0,0.0,108.0,0.0,0.0,0,0,2025,7,T3,July,0,0,0
68,143,20250715,75,-1,-1,-1,-1,148,1,1,84.0,92.0,0.0,92.0,0.0,0.0,0,0,2025,7,T3,July,0,0,0
110,22,20250715,76,-1,-1,-1,-1,147,1,1,90.0,98.0,0.0,98.0,0.0,0.0,0,0,2025,7,T3,July,0,0,0
36,212,20250715,2,-1,-1,-1,-1,146,1,1,65.0,73.0,0.0,73.0,0.0,0.0,0,0,2025,7,T3,July,0,0,0
34,146,20250718,3,-1,-1,-1,-1,149,1,1,86.0,94.0,0.0,94.0,0.0,0.0,0,0,2025,7,T3,July,0,0,0
-1,6,20250601,-1,-1,-1,-1,287,-1,1,0,0.0,191.3999938964844,0.0,191.3999938964844,0.0,0.0,0,0,2025,6,T2,June,0,0,0
93,190,20250602,23,-1,-1,-1,-1,125,1,1,30.0,38.0,0.0,38.0,0.0,0.0,0,0,2025,6,T2,June,0,0,0
26,27,20250603,2,-1,-1,-1,-1,126,1,1,92.0,0.0,0.0,0.0,0.0,0.0,0,0,2025,6,T2,June,0,0,0
56,76,20250605,57,-1,-1,-1,-1,128,1,1,129.0,37.0,0.0,37.0,0.0,0.0,0,0,2025,6,T2,June,0,0,0
80,145,20250605,82,-1,-1,-1,-1,127,1,1,90.0,98.0,0.0,98.0,0.0,0.0,0,0,2025,6,T2,June,0,0,0
87,82,20250607,81,-1,-1,-1,-1,129,1,4,25.0,8.0,0.0,8.0,0.0,0.0,0,0,2025,6,T2,June,0,0,0
34,218,20250611,2,-1,-1,-1,-1,132,1,1,86.0,94.0,0.0,94.0,0.0,0.0,0,0,2025,6,T2,June,0,0,0
-1,28,20250611,2,-1,-1,-1,-1,131,1,1,90.0,98.0,0.0,98.0,0.0,0.0,0,0,2025,6,T2,June,0,0,0
93,289,20250611,49,-1,-1,-1,-1,130,1,1,30.0,38.0,0.0,38.0,0.0,0.0,0,0,2025,6,T2,June,0,0,0
56,105,20250612,3,-1,-1,-1,-1,134,1,1,86.0,94.0,0.0,94.0,0.0,0.0,0,0,2025,6,T2,June,0,0,0
57,247,20250612,13,-1,-1,-1,-1,133,1,3,34.0,10.0,0.0,10.0,0.0,0.0,0,0,2025,6,T2,June,0,0,0
-1,75,20250612,2,-1,-1,-1,-1,135,1,1,90.0,98.0,0.0,98.0,0.0,0.0,0,0,2025,6,T2,June,0,0,0
-1,149,20250613,-1,-1,-1,-1,-1,136,1,1,50.0,58.0,0.0,58.0,0.0,0.0,0,0,2025,6,T2,June,0,0,0
39,178,20250616,2,-1,-1,-1,-1,137,1,4,25.0,8.0,0.0,8.0,0.0,0.0,0,0,2025,6,T2,June,0,0,0
-1,193,20250625,37,-1,-1,-1,-1,138,1,1,50.0,58.0,0.0,58.0,0.0,0.0,0,0,2025,6,T2,June,0,0,0
-1,-1,20250502,-1,-1,-1,-1,285,-1,1,0,0.0,10.253000259399414,0.0,10.253000259399414,0.0,0.0,0,0,2025,5,T2,May,0,0,0
26,219,20250508,2,-1,-1,-1,-1,103,1,1,92.0,100.0,0.0,100.0,0.0,0.0,0,0,2025,5,T2,May,0,0,0
-1,248,20250509,-1,-1,-1,-1,-1,105,1,2,50.0,108.0,0.0,108.0,0.0,0.0,0,0,2025,5,T2,May,0,0,0
-1,296,20250509,-1,-1,-1,-1,-1,104,1,1,50.0,58.0,0.0,58.0,0.0,0.0,0,0,2025,5,T2,May,0,0,0
38,29,20250510,85,-1,-1,-1,-1,106,1,1,45.0,53.0,0.0,53.0,0.0,0.0,0,0,2025,5,T2,May,0,0,0
87,26,20250512,5,-1,-1,-1,-1,107,1,1,25.0,33.0,0.0,33.0,0.0,0.0,0,0,2025,5,T2,May,0,0,0
16,267,20250513,84,-1,-1,-1,-1,108,1,1,90.0,98.0,0.0,98.0,0.0,0.0,0,0,2025,5,T2,May,0,0,0
40,294,20250514,2,-1,-1,-1,-1,110,1,1,0.0,8.0,0.0,8.0,100.0,0.0,0,0,2025,5,T2,May,1,0,0
56,210,20250514,83,-1,-1,-1,-1,109,1,1,29.0,37.0,0.0,37.0,100.0,0.0,0,0,2025,5,T2,May,1,0,0
-1,292,20250516,-1,-1,-1,-1,-1,112,1,1,50.0,58.0,0.0,58.0,0.0,0.0,0,0,2025,5,T2,May,0,0,0
-1,286,20250516,-1,-1,-1,-1,-1,111,1,1,50.0,58.0,0.0,58.0,0.0,0.0,0,0,2025,5,T2,May,0,0,0
-1,222,20250518,16,-1,-1,-1,-1,113,1,1,90.0,98.0,0.0,98.0,0.0,0.0,0,0,2025,5,T2,May,0,0,0
69,202,20250519,2,-1,-1,-1,-1,116,1,1,120.0,28.0,0.0,28.0,0.0,0.0,0,0,2025,5,T2,May,0,0,0
-1,36,20250519,-1,-1,-1,-1,-1,115,1,1,399.0,399.0,0.0,399.0,0.0,0.0,0,0,2025,5,T2,May,0,0,0
87,120,20250519,80,-1,-1,-1,-1,114,1,2,25.0,58.0,0.0,58.0,0.0,0.0,0,0,2025,5,T2,May,0,0,0
-1,36,20250521,-1,-1,-1,-1,-1,117,1,1,145.0,145.0,0.0,145.0,0.0,0.0,0,0,2025,5,T2,May,0,0,0
-1,272,20250522,2,-1,-1,-1,-1,118,1,1,120.0,28.0,0.0,28.0,0.0,0.0,0,0,2025,5,T2,May,0,0,0
87,284,20250523,-1,-1,-1,-1,-1,120,1,1,25.0,33.0,0.0,33.0,0.0,0.0,0,0,2025,5,T2,May,0,0,0
87,127,20250523,-1,-1,-1,-1,-1,119,1,1,25.0,33.0,0.0,33.0,0.0,0.0,0,0,2025,5,T2,May,0,0,0
110,155,20250525,80,-1,-1,-1,-1,121,1,1,90.0,98.0,0.0,98.0,0.0,0.0,0,0,2025,5,T2,May,0,0,0
41,26,20250529,5,-1,-1,-1,-1,122,1,1,49.900001525878906,57.900001525878906,0.0,57.900001525878906,0.0,0.0,0,0,2025,5,T2,May,0,0,0
-1,41,20250529,-1,-1,-1,-1,278,-1,1,0,0.0,329.44000244140625,0.0,329.44000244140625,0.0,0.0,0,0,2025,5,T2,May,0,0,0
41,236,20250530,8,-1,-1,-1,-1,124,1,1,49.900001525878906,57.900001525878906,0.0,57.900001525878906,0.0,0.0,0,0,2025,5,T2,May,0,0,0
95,259,20250530,8,-1,-1,-1,-1,123,1,1,92.0,0.0,0.0,0.0,0.0,0.0,0,0,2025,5,T2,May,0,0,0
-1,-1,20250402,-1,-1,-1,-1,219,-1,1,7,0.0,0.0,0.0,0.0,0.0,0.0,0,0,2025,4,T2,April,0,0,0
-1,-1,20250402,-1,-1,-1,-1,220,-1,1,3,0.0,0.0,0.0,0.0,0.0,0.0,0,0,2025,4,T2,April,0,0,0
-1,-1,20250402,-1,-1,-1,-1,221,-1,1,4,0.0,0.0,0.0,0.0,0.0,0.0,0,0,2025,4,T2,April,0,0,0
-1,-1,20250402,-1,-1,-1,-1,222,-1,1,32,0.0,0.0,0.0,0.0,0.0,0.0,0,0,2025,4,T2,April,0,0,0
-1,104,20250402,2,-1,-1,-1,-1,95,1,1,129.0,37.0,0.0,37.0,0.0,0.0,0,0,2025,4,T2,April,0,0,0
-1,119,20250403,-1,-1,-1,-1,-1,96,1,1,50.0,58.0,0.0,58.0,0.0,0.0,0,0,2025,4,T2,April,0,0,0
-1,-1,20250403,-1,-1,-1,-1,214,-1,1,5,0.0,0.0,0.0,0.0,0.0,0.0,0,0,2025,4,T2,April,0,0,0
-1,167,20250403,-1,-1,-1,-1,196,-1,1,3,0.0,0.0,0.0,0.0,0.0,0.0,0,0,2025,4,T2,April,0,0,0
-1,41,20250403,-1,-1,-1,-1,258,-1,1,0,0.0,419.8800048828125,0.0,419.8800048828125,0.0,0.0,0,0,2025,4,T2,April,0,0,0
-1,96,20250411,-1,-1,-1,-1,258,-1,1,0,0.0,267.9649963378906,0.0,267.9649963378906,0.0,0.0,0,0,2025,4,T2,April,0,0,0
-1,241,20250411,2,-1,-1,-1,-1,97,1,1,86.0,94.0,0.0,94.0,0.0,0.0,0,0,2025,4,T2,April,0,0,0
36,128,20250415,87,-1,-1,-1,-1,98,1,1,65.0,73.0,0.0,73.0,0.0,0.0,0,0,2025,4,T2,April,0,0,0
-1,167,20250415,-1,-1,-1,-1,197,-1,1,3,0.0,0.0,0.0,0.0,0.0,0.0,0,0,2025,4,T2,April,0,0,0
34,85,20250417,86,-1,-1,-1,-1,99,1,1,86.0,94.0,0.0,94.0,0.0,0.0,0,0,2025,4,T2,April,0,0,0
87,70,20250422,6,-1,-1,-1,-1,100,1,4,25.0,8.0,0.0,8.0,0.0,0.0,0,0,2025,4,T2,April,0,0,0
6,61,20250423,2,-1,-1,-1,-1,101,1,1,92.0,0.0,0.0,0.0,0.0,0.0,0,0,2025,4,T2,April,0,0,0
54,91,20250424,2,-1,-1,-1,-1,102,1,1,90.0,98.0,0.0,98.0,0.0,0.0,0,0,2025,4,T2,April,0,0,0
-1,41,20250430,-1,-1,-1,-1,277,-1,1,0,0.0,686.4400024414062,0.0,686.4400024414062,0.0,0.0,0,0,2025,4,T2,April,0,0,0
34,-1,20250301,94,-1,-1,-1,-1,79,1,1,129.0,137.0,0.0,137.0,0.0,0.0,0,0,2025,3,T1,March,0,0,0
34,249,20250301,95,-1,-1,-1,-1,78,1,2,129.0,258.0,0.0,258.0,0.0,0.0,0,0,2025,3,T1,March,0,0,0
34,8,20250301,96,-1,-1,-1,-1,77,1,1,129.0,137.0,0.0,137.0,0.0,0.0,0,0,2025,3,T1,March,0,0,0
16,72,20250302,92,-1,-1,-1,-1,81,1,1,64.0,72.0,0.0,72.0,26.0,0.0,0,0,2025,3,T1,March,1,0,0
34,66,20250302,93,-1,-1,-1,-1,80,1,2,86.0,172.0,0.0,172.0,0.0,0.0,0,0,2025,3,T1,March,0,0,0
-1,41,20250302,-1,-1,-1,-1,276,-1,1,0,0.0,628.1300048828125,0.0,628.1300048828125,0.0,0.0,0,0,2025,3,T1,March,0,0,0
-1,6,20250302,-1,-1,-1,-1,288,-1,1,0,0.0,191.3999938964844,0.0,191.3999938964844,0.0,0.0,0,0,2025,3,T1,March,0,0,0
-1,6,20250304,-1,-1,-1,-1,290,-1,1,0,0.0,305.6400146484375,0.0,305.6400146484375,0.0,0.0,0,0,2025,3,T1,March,0,0,0
15,279,20250304,7,-1,-1,-1,-1,82,1,1,37.5,45.5,0.0,45.5,12.5,0.0,0,0,2025,3,T1,March,1,0,0
-1,187,20250304,33,-1,-1,-1,-1,83,1,1,129.0,137.0,0.0,137.0,0.0,0.0,0,0,2025,3,T1,March,0,0,0
-1,167,20250305,-1,-1,-1,-1,249,-1,1,0,0.0,13.81095027923584,0.0,13.81095027923584,0.0,0.0,0,0,2025,3,T1,March,0,0,0
-1,83,20250306,-1,-1,-1,-1,252,-1,1,0,0.0,2.612454891204834,0.0,2.612454891204834,0.0,0.0,0,0,2025,3,T1,March,0,0,0
56,157,20250306,84,-1,-1,-1,-1,85,1,2,129.0,258.0,0.0,258.0,0.0,0.0,0,0,2025,3,T1,March,0,0,0
26,317,20250306,91,-1,-1,-1,-1,84,1,1,92.0,0.0,0.0,0.0,0.0,0.0,0,0,2025,3,T1,March,0,0,0
-1,233,20250307,90,-1,-1,-1,-1,86,1,1,129.0,137.0,0.0,137.0,0.0,0.0,0,0,2025,3,T1,March,0,0,0
6,204,20250310,73,-1,-1,-1,-1,87,1,1,77.30999755859375,0.0,14.6899995803833,14.6899995803833,0.0,0.0,0,0,2025,3,T1,March,0,0,0
-1,167,20250311,-1,-1,-1,-1,192,-1,1,60,0.0,0.0,0.0,0.0,0.0,0.0,0,0,2025,3,T1,March,0,0,0
-1,-1,20250312,-1,-1,-1,-1,205,-1,1,8,0.0,0.0,0.0,0.0,0.0,0.0,0,0,2025,3,T1,March,0,0,0
-1,-1,20250312,-1,-1,-1,-1,206,-1,1,8,0.0,0.0,0.0,0.0,0.0,0.0,0,0,2025,3,T1,March,0,0,0
-1,-1,20250312,-1,-1,-1,-1,207,-1,1,15,0.0,0.0,0.0,0.0,0.0,0.0,0,0,2025,3,T1,March,0,0,0
87,38,20250313,89,-1,-1,-1,-1,88,1,4,21.01000022888184,0.0,15.970000267028809,15.970000267028809,0.0,0.0,0,0,2025,3,T1,March,0,0,0
-1,167,20250314,-1,-1,-1,-1,217,-1,1,97,0.0,0.0,0.0,0.0,0.0,0.0,0,0,2025,3,T1,March,0,0,0
-1,-1,20250315,-1,-1,-1,-1,218,-1,1,13,0.0,0.0,0.0,0.0,0.0,0.0,0,0,2025,3,T1,March,0,0,0
-1,-1,20250315,-1,-1,-1,-1,204,-1,1,13,0.0,0.0,0.0,0.0,0.0,0.0,0,0,2025,3,T1,March,0,0,0
-1,-1,20250315,-1,-1,-1,-1,215,-1,1,38,0.0,0.0,0.0,0.0,0.0,0.0,0,0,2025,3,T1,March,0,0,0
-1,167,20250317,-1,-1,-1,-1,193,-1,1,26,0.0,0.0,0.0,0.0,0.0,0.0,0,0,2025,3,T1,March,0,0,0
-1,173,20250317,28,-1,-1,-1,-1,89,1,1,129.0,137.0,0.0,137.0,0.0,0.0,0,0,2025,3,T1,March,0,0,0
56,180,20250318,38,-1,-1,-1,-1,90,1,1,129.0,37.0,0.0,37.0,0.0,0.0,0,0,2025,3,T1,March,0,0,0
-1,167,20250321,-1,-1,-1,-1,194,-1,1,50,0.0,0.0,0.0,0.0,0.0,0.0,0,0,2025,3,T1,March,0,0,0
-1,-1,20250324,-1,-1,-1,-1,216,-1,1,23,0.0,0.0,0.0,0.0,0.0,0.0,0,0,2025,3,T1,March,0,0,0
-1,-1,20250324,-1,-1,-1,-1,212,-1,1,24,0.0,0.0,0.0,0.0,0.0,0.0,0,0,2025,3,T1,March,0,0,0
-1,-1,20250324,-1,-1,-1,-1,202,-1,1,1,0.0,0.0,0.0,0.0,0.0,0.0,0,0,2025,3,T1,March,0,0,0
-1,-1,20250324,-1,-1,-1,-1,203,-1,1,3,0.0,0.0,0.0,0.0,0.0,0.0,0,0,2025,3,T1,March,0,0,0
-1,-1,20250325,-1,-1,-1,-1,201,-1,1,39,0.0,0.0,0.0,0.0,0.0,0.0,0,0,2025,3,T1,March,0,0,0
15,228,20250325,88,-1,-1,-1,-1,91,1,1,37.5,45.5,0.0,45.5,12.5,0.0,0,0,2025,3,T1,March,1,0,0
-1,167,20250326,-1,-1,-1,-1,195,-1,1,40,0.0,0.0,0.0,0.0,0.0,0.0,0,0,2025,3,T1,March,0,0,0
-1,-1,20250326,-1,-1,-1,-1,199,-1,1,16,0.0,0.0,0.0,0.0,0.0,0.0,0,0,2025,3,T1,March,0,0,0
-1,-1,20250326,-1,-1,-1,-1,213,-1,1,13,0.0,0.0,0.0,0.0,0.0,0.0,0,0,2025,3,T1,March,0,0,0
-1,-1,20250327,-1,-1,-1,-1,211,-1,1,7,0.0,0.0,0.0,0.0,0.0,0.0,0,0,2025,3,T1,March,0,0,0
-1,167,20250327,-1,-1,-1,-1,250,-1,1,0,0.0,34.525875091552734,0.0,34.525875091552734,0.0,0.0,0,0,2025,3,T1,March,0,0,0
-1,-1,20250328,-1,-1,-1,-1,200,-1,1,4,0.0,0.0,0.0,0.0,0.0,0.0,0,0,2025,3,T1,March,0,0,0
-1,-1,20250328,-1,-1,-1,-1,198,-1,1,47,0.0,0.0,0.0,0.0,0.0,0.0,0,0,2025,3,T1,March,0,0,0
-1,-1,20250328,-1,-1,-1,-1,208,-1,1,29,0.0,0.0,0.0,0.0,0.0,0.0,0,0,2025,3,T1,March,0,0,0
-1,-1,20250328,-1,-1,-1,-1,209,-1,1,32,0.0,0.0,0.0,0.0,0.0,0.0,0,0,2025,3,T1,March,0,0,0
-1,-1,20250328,-1,-1,-1,-1,210,-1,1,36,0.0,0.0,0.0,0.0,0.0,0.0,0,0,2025,3,T1,March,0,0,0
-1,110,20250330,31,-1,-1,-1,-1,92,1,1,50.0,58.0,0.0,58.0,0.0,0.0,0,0,2025,3,T1,March,0,0,0
-1,46,20250331,-1,-1,-1,-1,-1,94,1,1,50.0,58.0,0.0,58.0,0.0,0.0,0,0,2025,3,T1,March,0,0,0
-1,168,20250331,-1,-1,-1,-1,-1,93,1,1,50.0,58.0,0.0,58.0,0.0,0.0,0,0,2025,3,T1,March,0,0,0
-1,41,20250203,-1,-1,-1,-1,275,-1,1,0,0.0,496.0400085449219,0.0,496.0400085449219,0.0,0.0,0,0,2025,2,T1,February,0,0,0
-1,6,20250203,-1,-1,-1,-1,289,-1,1,0,0.0,267.5599975585937,0.0,267.5599975585937,0.0,0.0,0,0,2025,2,T1,February,0,0,0
93,42,20250204,11,-1,-1,-1,-1,40,1,1,30.0,38.0,0.0,38.0,0.0,0.0,0,0,2025,2,T1,February,0,0,0
80,135,20250210,9,-1,-1,-1,-1,41,1,1,90.0,98.0,0.0,98.0,0.0,0.0,0,0,2025,2,T1,February,0,0,0
-1,167,20250210,-1,-1,-1,-1,248,-1,1,0,0.0,20.715925216674805,0.0,20.715925216674805,0.0,0.0,0,0,2025,2,T1,February,0,0,0
-1,83,20250211,-1,-1,-1,-1,251,-1,1,0,0.0,2.611459970474243,0.0,2.611459970474243,0.0,0.0,0,0,2025,2,T1,February,0,0,0
87,74,20250211,108,-1,-1,-1,-1,43,1,1,25.0,33.0,0.0,33.0,0.0,0.0,0,0,2025,2,T1,February,0,0,0
15,44,20250211,81,-1,-1,-1,-1,42,1,2,50.0,8.0,0.0,8.0,0.0,0.0,0,0,2025,2,T1,February,0,0,0
87,208,20250212,6,-1,-1,-1,-1,46,1,1,25.0,33.0,0.0,33.0,0.0,0.0,0,0,2025,2,T1,February,0,0,0
15,179,20250212,-1,-1,-1,-1,-1,45,1,1,50.0,58.0,0.0,58.0,0.0,0.0,0,0,2025,2,T1,February,0,0,0
15,279,20250212,107,-1,-1,-1,-1,44,1,1,50.0,58.0,0.0,58.0,0.0,0.0,0,0,2025,2,T1,February,0,0,0
39,95,20250213,35,-1,-1,-1,-1,68,1,1,25.0,33.0,0.0,33.0,0.0,0.0,0,0,2025,2,T1,February,0,0,0
15,4,20250213,99,-1,-1,-1,-1,67,1,1,50.0,58.0,0.0,58.0,0.0,0.0,0,0,2025,2,T1,February,0,0,0
39,84,20250213,14,-1,-1,-1,-1,66,1,1,25.0,33.0,0.0,33.0,0.0,0.0,0,0,2025,2,T1,February,0,0,0
15,221,20250213,100,-1,-1,-1,-1,65,1,1,50.0,58.0,0.0,58.0,0.0,0.0,0,0,2025,2,T1,February,0,0,0
87,195,20250213,19,-1,-1,-1,-1,63,1,2,25.0,58.0,0.0,58.0,0.0,0.0,0,0,2025,2,T1,February,0,0,0
24,137,20250213,101,-1,-1,-1,-1,62,1,1,25.0,33.0,0.0,33.0,0.0,0.0,0,0,2025,2,T1,February,0,0,0
24,270,20250213,6,-1,-1,-1,-1,61,1,1,25.0,33.0,0.0,33.0,0.0,0.0,0,0,2025,2,T1,February,0,0,0
87,265,20250213,-1,-1,-1,-1,-1,60,1,1,25.0,33.0,0.0,33.0,0.0,0.0,0,0,2025,2,T1,February,0,0,0
87,158,20250213,-1,-1,-1,-1,-1,59,1,1,25.0,33.0,0.0,33.0,0.0,0.0,0,0,2025,2,T1,February,0,0,0
15,30,20250213,-1,-1,-1,-1,-1,58,1,1,50.0,58.0,0.0,58.0,0.0,0.0,0,0,2025,2,T1,February,0,0,0
87,12,20250213,-1,-1,-1,-1,-1,57,1,1,25.0,33.0,0.0,33.0,0.0,0.0,0,0,2025,2,T1,February,0,0,0
87,139,20250213,-1,-1,-1,-1,-1,56,1,1,25.0,33.0,0.0,33.0,0.0,0.0,0,0,2025,2,T1,February,0,0,0
15,185,20250213,102,-1,-1,-1,-1,55,1,1,50.0,58.0,0.0,58.0,0.0,0.0,0,0,2025,2,T1,February,0,0,0
24,182,20250213,-1,-1,-1,-1,-1,54,1,2,25.0,58.0,0.0,58.0,0.0,0.0,0,0,2025,2,T1,February,0,0,0
24,282,20250213,103,-1,-1,-1,-1,53,1,1,25.0,33.0,0.0,33.0,0.0,0.0,0,0,2025,2,T1,February,0,0,0
15,273,20250213,37,-1,-1,-1,-1,52,1,1,50.0,58.0,0.0,58.0,0.0,0.0,0,0,2025,2,T1,February,0,0,0
87,59,20250213,6,-1,-1,-1,-1,51,1,1,25.0,33.0,0.0,33.0,0.0,0.0,0,0,2025,2,T1,February,0,0,0
87,188,20250213,104,-1,-1,-1,-1,50,1,1,25.0,33.0,0.0,33.0,0.0,0.0,0,0,2025,2,T1,February,0,0,0
39,63,20250213,28,-1,-1,-1,-1,49,1,1,25.0,33.0,0.0,33.0,0.0,0.0,0,0,2025,2,T1,February,0,0,0
-1,32,20250213,105,-1,-1,-1,-1,48,1,1,60.0,68.0,0.0,68.0,0.0,0.0,0,0,2025,2,T1,February,0,0,0
87,274,20250213,106,-1,-1,-1,-1,47,1,1,25.0,33.0,0.0,33.0,0.0,0.0,0,0,2025,2,T1,February,0,0,0
15,89,20250213,8,-1,-1,-1,-1,64,1,1,50.0,58.0,0.0,58.0,0.0,0.0,0,0,2025,2,T1,February,0,0,0
87,260,20250214,98,-1,-1,-1,-1,70,1,1,25.0,33.0,0.0,33.0,0.0,0.0,0,0,2025,2,T1,February,0,0,0
87,121,20250214,-1,-1,-1,-1,-1,69,1,1,25.0,33.0,0.0,33.0,0.0,0.0,0,0,2025,2,T1,February,0,0,0
95,49,20250215,90,-1,-1,-1,-1,71,1,1,92.0,0.0,0.0,0.0,0.0,0.0,0,0,2025,2,T1,February,0,0,0
76,39,20250219,2,-1,-1,-1,-1,72,1,1,20.0,8.0,0.0,8.0,0.0,0.0,0,0,2025,2,T1,February,0,0,0
-1,167,20250219,-1,-1,-1,-1,247,-1,1,0,0.0,-2.6715002059936523,7.135000228881836,4.463500022888184,0.0,0.0,0,0,2025,2,T1,February,0,0,0
95,181,20250221,49,-1,-1,-1,-1,73,1,1,92.0,0.0,0.0,0.0,0.0,0.0,0,0,2025,2,T1,February,0,0,0
87,302,20250223,-1,-1,-1,-1,-1,74,1,1,25.0,33.0,0.0,33.0,0.0,0.0,0,0,2025,2,T1,February,0,0,0
26,244,20250224,28,-1,-1,-1,-1,75,1,1,92.0,0.0,0.0,0.0,0.0,0.0,0,0,2025,2,T1,February,0,0,0
87,87,20250226,97,-1,-1,-1,-1,76,1,1,25.0,33.0,0.0,33.0,0.0,0.0,0,0,2025,2,T1,February,0,0,0
-1,41,20250102,-1,-1,-1,-1,274,-1,1,0,0.0,419.8800048828125,0.0,419.8800048828125,0.0,0.0,0,0,2025,1,T1,January,0,0,0
-1,52,20250103,-1,-1,-1,-1,260,-1,1,0,0.0,59.5009994506836,0.0,59.5009994506836,0.0,0.0,0,0,2025,1,T1,January,0,0,0
83,183,20250103,18,-1,-1,-1,-1,31,1,1,58.0,65.0,0.0,65.0,0.0,0.0,0,0,2025,1,T1,January,0,0,0
-1,194,20250106,17,-1,-1,-1,-1,32,1,1,120.0,27.0,0.0,27.0,0.0,0.0,0,0,2025,1,T1,January,0,0,0
-1,6,20250107,-1,-1,-1,-1,293,-1,1,0,0.0,229.47999572753903,0.0,229.47999572753903,0.0,0.0,0,0,2025,1,T1,January,0,0,0
-1,3,20250111,-1,-1,-1,-1,243,-1,1,0,0.0,23.20599937438965,0.0,23.20599937438965,0.0,0.0,0,0,2025,1,T1,January,0,0,0
64,166,20250111,16,-1,-1,-1,-1,33,1,1,48.0,55.0,0.0,55.0,0.0,0.0,0,0,2025,1,T1,January,0,0,0
93,78,20250114,-1,-1,-1,-1,-1,35,1,1,30.0,37.0,0.0,37.0,0.0,0.0,0,0,2025,1,T1,January,0,0,0
93,256,20250114,15,-1,-1,-1,-1,34,1,1,30.0,37.0,0.0,37.0,0.0,0.0,0,0,2025,1,T1,January,0,0,0
-1,167,20250116,-1,-1,-1,-1,246,-1,1,0,0.0,69.05075073242188,0.0,69.05075073242188,0.0,0.0,0,0,2025,1,T1,January,0,0,0
52,283,20250118,14,-1,-1,-1,-1,36,1,1,46.0,53.0,0.0,53.0,0.0,0.0,0,0,2025,1,T1,January,0,0,0
80,264,20250120,5,-1,-1,-1,-1,37,1,1,90.0,97.0,0.0,97.0,0.0,0.0,0,0,2025,1,T1,January,0,0,0
80,51,20250124,12,-1,-1,-1,-1,39,1,1,90.0,97.0,0.0,97.0,0.0,0.0,0,0,2025,1,T1,January,0,0,0
45,277,20250124,13,-1,-1,-1,-1,38,1,2,50.0,7.0,0.0,7.0,0.0,0.0,0,0,2025,1,T1,January,0,0,0
-1,41,20241209,-1,-1,-1,-1,273,-1,1,0,0.0,648.3599853515625,0.0,648.3599853515625,0.0,0.0,0,0,2024,12,T4,December,0,0,0
-1,2,20241210,-1,-1,-1,-1,244,-1,1,0,0.0,26784.0009765625,5089.9599609375,31873.9609375,0.0,0.0,0,0,2024,12,T4,December,0,0,0
-1,111,20241210,-1,-1,-1,-1,223,-1,1,432,0.0,0.0,0.0,0.0,0.0,0.0,0,0,2024,12,T4,December,0,0,0
99,122,20241210,23,-1,-1,-1,-1,26,1,1,28.0,35.0,0.0,35.0,0.0,0.0,0,0,2024,12,T4,December,0,0,0
93,154,20241223,22,-1,-1,-1,-1,27,1,1,30.0,37.0,0.0,37.0,0.0,0.0,0,0,2024,12,T4,December,0,0,0
-1,138,20241224,21,-1,-1,-1,-1,28,1,3,20.0,67.0,0.0,67.0,0.0,0.0,0,0,2024,12,T4,December,0,0,0
93,114,20241225,20,-1,-1,-1,-1,29,1,1,30.0,37.0,0.0,37.0,0.0,0.0,0,0,2024,12,T4,December,0,0,0
-1,52,20241225,-1,-1,-1,-1,259,-1,1,0,0.0,59.5009994506836,0.0,59.5009994506836,0.0,0.0,0,0,2024,12,T4,December,0,0,0
93,68,20241227,19,-1,-1,-1,-1,30,1,1,30.0,37.0,0.0,37.0,0.0,0.0,0,0,2024,12,T4,December,0,0,0
-1,93,20241107,26,-1,-1,-1,-1,23,1,3,15.0,52.0,0.0,52.0,0.0,0.0,0,0,2024,11,T4,November,0,0,0
41,108,20241107,10,-1,-1,-1,-1,22,1,1,70.0,77.0,0.0,77.0,0.0,0.0,0,0,2024,11,T4,November,0,0,0
-1,41,20241108,-1,-1,-1,-1,272,-1,1,0,0.0,695.9600219726562,0.0,695.9600219726562,0.0,0.0,0,0,2024,11,T4,November,0,0,0
-1,34,20241113,-1,-1,-1,-1,243,-1,1,0,0.0,19500.0,3706.0,23206.0,0.0,0.0,0,0,2024,11,T4,November,0,0,0
93,299,20241123,25,-1,-1,-1,-1,24,1,1,30.0,37.0,0.0,37.0,0.0,0.0,0,0,2024,11,T4,November,0,0,0
41,261,20241125,24,-1,-1,-1,-1,25,1,1,70.0,77.0,0.0,77.0,0.0,0.0,0,0,2024,11,T4,November,0,0,0
-1,111,20241012,-1,-1,-1,-1,244,-1,1,0,0.0,31.87396049499512,0.0,31.87396049499512,0.0,0.0,0,0,2024,10,T4,October,0,0,0
-1,-1,20241025,-1,-1,-1,-1,261,-1,1,0,0.0,18.74349975585937,0.0,18.74349975585937,0.0,0.0,0,0,2024,10,T4,October,0,0,0
-1,-1,20241025,-1,-1,-1,-1,262,-1,1,0,0.0,17.672500610351562,0.0,17.672500610351562,0.0,0.0,0,0,2024,10,T4,October,0,0,0
-1,-1,20241025,-1,-1,-1,-1,263,-1,1,0,0.0,17.136999130249023,0.0,17.136999130249023,0.0,0.0,0,0,2024,10,T4,October,0,0,0
-1,-1,20241025,-1,-1,-1,-1,264,-1,1,0,0.0,11.781999588012695,0.0,11.781999588012695,0.0,0.0,0,0,2024,10,T4,October,0,0,0
-1,300,20240906,28,-1,-1,-1,-1,20,1,1,180.0,187.0,0.0,187.0,0.0,0.0,0,0,2024,9,T3,September,0,0,0
-1,41,20240906,-1,-1,-1,-1,241,-1,1,0,0.0,543.9999847412109,104.36000061035156,648.3599853515625,0.0,0.0,0,0,2024,9,T3,September,0,0,0
-1,-1,20240910,-1,-1,-1,-1,299,-1,1,0,0.0,125.60700225830078,0.0,125.60700225830078,0.0,0.0,0,0,2024,9,T3,September,0,0,0
64,170,20240926,27,-1,-1,-1,-1,21,1,1,48.0,55.0,0.0,55.0,0.0,0.0,0,0,2024,9,T3,September,0,0,0
-1,41,20240930,-1,-1,-1,-1,271,-1,1,0,0.0,667.4000244140625,0.0,667.4000244140625,0.0,0.0,0,0,2024,9,T3,September,0,0,0
83,319,20240805,31,-1,-1,-1,-1,16,1,1,58.0,65.0,0.0,65.0,0.0,0.0,0,0,2024,8,T3,August,0,0,0
36,229,20240817,30,-1,-1,-1,-1,17,1,1,65.0,72.0,0.0,72.0,0.0,0.0,0,0,2024,8,T3,August,0,0,0
-1,230,20240827,13,-1,-1,-1,-1,19,1,1,55.0,62.0,0.0,62.0,0.0,0.0,0,0,2024,8,T3,August,0,0,0
93,98,20240827,29,-1,-1,-1,-1,18,1,1,30.0,37.0,0.0,37.0,0.0,0.0,0,0,2024,8,T3,August,0,0,0
-1,41,20240701,-1,-1,-1,-1,238,-1,1,0,0.0,543.9999847412109,104.36000061035156,648.3599853515625,0.0,0.0,0,0,2024,7,T3,July,0,0,0
-1,169,20240704,4,-1,-1,-1,-1,15,1,1,14.0,21.0,0.0,21.0,0.0,0.0,0,0,2024,7,T3,July,0,0,0
-1,41,20240730,-1,-1,-1,-1,239,-1,1,0,0.0,743.9999847412109,142.36000061035156,886.3599853515625,0.0,0.0,0,0,2024,7,T3,July,0,0,0
-1,124,20240730,-1,-1,-1,-1,-1,-1,1,0,0.0,2489.0,0.0,2489.0,0.0,0.0,0,0,2024,7,T3,July,0,0,0
93,281,20240610,32,-1,-1,-1,-1,13,1,1,30.0,37.0,0.0,37.0,0.0,0.0,0,0,2024,6,T2,June,0,0,0
93,224,20240611,2,-1,-1,-1,-1,14,1,1,30.0,37.0,0.0,37.0,0.0,0.0,0,0,2024,6,T2,June,0,0,0
-1,290,20240612,-1,-1,-1,-1,236,-1,1,0,0.0,30.999999523162842,5.889999866485596,36.88999938964844,0.0,0.0,0,0,2024,6,T2,June,0,0,0
-1,2,20240612,-1,-1,-1,-1,237,-1,1,0,0.0,4150.0,789.5,4939.5,0.0,0.0,0,0,2024,6,T2,June,0,0,0
93,305,20240507,33,-1,-1,-1,-1,12,1,1,30.0,37.0,0.0,37.0,0.0,0.0,0,0,2024,5,T2,May,0,0,0
-1,2,20240515,-1,-1,-1,-1,234,-1,1,0,0.0,844.9999847412109,161.5500030517578,1006.5499877929688,0.0,0.0,0,0,2024,5,T2,May,0,0,0
-1,41,20240528,-1,-1,-1,-1,235,-1,1,0,0.0,727.0,139.1300048828125,866.1300048828125,0.0,0.0,0,0,2024,5,T2,May,0,0,0
-1,83,20240307,-1,-1,-1,-1,242,-1,1,0,0.0,1830.4000244140625,347.7760009765625,2178.176025390625,0.0,0.0,0,0,2024,3,T1,March,0,0,0
-1,167,20240308,-1,-1,-1,-1,240,-1,1,0,0.0,51479.9990234375,9781.2001953125,61261.19921875,0.0,0.0,0,0,2024,3,T1,March,0,0,0
-1,64,20240313,35,-1,-1,-1,-1,9,1,2,17.0,41.0,0.0,41.0,0.0,0.0,0,0,2024,3,T1,March,0,0,0
-1,263,20240318,34,-1,-1,-1,-1,10,1,1,30.0,37.0,0.0,37.0,0.0,0.0,0,0,2024,3,T1,March,0,0,0
93,142,20240328,20,-1,-1,-1,-1,11,1,1,30.0,37.0,0.0,37.0,0.0,0.0,0,0,2024,3,T1,March,0,0,0
-1,2,20240125,-1,-1,-1,-1,232,-1,1,0,0.0,1700.0,324.0,2024.0,0.0,0.0,0,0,2024,1,T1,January,0,0,0
-1,41,20240131,-1,-1,-1,-1,233,-1,1,0,0.0,751.0,142.69000244140625,893.6900024414062,0.0,0.0,0,0,2024,1,T1,January,0,0,0
-1,206,20231206,37,-1,-1,-1,-1,7,1,1,19.0,19.0,0.0,19.0,0.0,0.0,0,0,2023,12,T4,December,0,0,0
-1,-1,20231219,-1,-1,-1,-1,227,-1,1,0,0.0,5100.0,969.0,6069.0,0.0,0.0,0,0,2023,12,T4,December,0,0,0
-1,306,20231222,-1,-1,-1,-1,228,-1,1,0,0.0,7469.999755859375,1419.300048828125,8889.2998046875,0.0,0.0,0,0,2023,12,T4,December,0,0,0
-1,62,20231223,-1,-1,-1,-1,229,-1,1,0,0.0,692.9999847412109,131.6699981689453,824.6699829101562,0.0,0.0,0,0,2023,12,T4,December,0,0,0
-1,148,20231226,-1,-1,-1,-1,230,-1,1,0,0.0,5459.9998779296875,1037.4000244140625,6497.39990234375,0.0,0.0,0,0,2023,12,T4,December,0,0,0
-1,41,20231228,-1,-1,-1,-1,231,-1,1,0,0.0,800.0,152.0,952.0,0.0,0.0,0,0,2023,12,T4,December,0,0,0
93,276,20231230,36,-1,-1,-1,-1,8,1,1,30.0,30.0,0.0,30.0,0.0,0.0,0,0,2023,12,T4,December,0,0,0
-1,43,20230901,22,-1,-1,-1,-1,6,1,4,15.970000267028809,63.86999988555908,12.130000114440918,76.0,0.0,0.0,0,0,2023,9,T3,September,0,0,0
-1,2,20230811,-1,-1,-1,-1,226,-1,1,0,0.0,6050.420166015625,1149.579833984375,7200.0,0.0,0.0,0,0,2023,8,T3,August,0,0,0
-1,207,20230811,38,-1,-1,-1,-1,4,1,200,30.25,6050.4200439453125,1149.5799560546875,7200.0,0.0,0.0,0,0,2023,8,T3,August,0,0,0
-1,56,20230821,37,-1,-1,-1,-1,5,1,1,42.02000045776367,42.019999980926514,7.980000019073486,50.0,0.0,0.0,0,0,2023,8,T3,August,0,0,0
-1,123,20230705,37,-1,-1,-1,-1,1,1,1,26.88999938964844,33.889999866485596,5.110000133514404,39.0,0.0,0.0,0,0,2023,7,T3,July,0,0,0
-1,23,20230711,37,-1,-1,-1,-1,2,1,1,47.900001525878906,54.89999961853027,9.100000381469728,64.0,0.0,0.0,0,0,2023,7,T3,July,0,0,0
-1,307,20230712,37,-1,-1,-1,-1,3,1,1,126.0500030517578,133.04999923706055,23.950000762939453,157.0,0.0,0.0,0,0,2023,7,T3,July,0,0,0
-1,-1,-1,-1,-1,-1,-1,-1,-1,1,0,0.0,137692.8203125,25697.7265625,163390.546875,0.0,0.0,0,0,0,0,,,0,0,0
-1,6,-1,-1,-1,-1,-1,291,-1,1,0,0.0,361.5700073242188,0.0,361.5700073242188,0.0,0.0,0,0,0,0,,,0,0,0
-1,6,-1,-1,-1,-1,-1,292,-1,1,0,0.0,267.5599975585937,0.0,267.5599975585937,0.0,0.0,0,0,0,0,,,0,0,0
-1,6,-1,-1,-1,-1,-1,294,-1,1,0,0.0,39.08000183105469,0.0,39.08000183105469,0.0,0.0,0,0,0,0,,,0,0,0
-1,-1,-1,-1,-1,-1,-1,300,-1,1,0,0.0,21.706600189208984,0.0,21.706600189208984,0.0,0.0,0,0,0,0,,,0,0,0
-1,3,-1,-1,-1,-1,-1,301,-1,1,0,0.0,22.61100006103516,0.0,22.61100006103516,0.0,0.0,0,0,0,0,,,0,0,0
-1,3,-1,-1,-1,-1,-1,302,-1,1,0,0.0,596.0,0.0,596.0,0.0,0.0,0,0,0,0,,,0,0,0
-1,3,-1,-1,-1,-1,-1,305,-1,1,0,0.0,772.219970703125,0.0,772.219970703125,0.0,0.0,0,0,0,0,,,0,0,0
-1,6,-1,-1,-1,-1,-1,297,-1,1,0,0.0,1115.239990234375,0.0,1115.239990234375,0.0,0.0,0,0,0,0,,,0,0,0
-1,111,-1,-1,-1,-1,-1,307,-1,1,0,0.0,239.0,0.0,239.0,0.0,0.0,0,0,0,0,,,0,0,0
-1,111,-1,-1,-1,-1,-1,310,-1,1,0,0.0,31.87396049499512,0.0,31.87396049499512,0.0,0.0,0,0,0,0,,,0,0,0
-1,111,-1,-1,-1,-1,-1,311,-1,1,0,0.0,222.33999633789065,0.0,222.33999633789065,0.0,0.0,0,0,0,0,,,0,0,0
-1,111,-1,-1,-1,-1,-1,312,-1,1,0,0.0,239.0,0.0,239.0,0.0,0.0,0,0,0,0,,,0,0,0
